,date,adm1_code,data,prediction,split,forecast_step
1654,2023-02-01,3407,0.6357263301816054,0.6346874649455049,9,1
1655,2023-02-02,3407,0.6356939593644654,0.6348292992638893,9,2
1656,2023-02-03,3407,0.6352597057091403,0.6349711070165059,9,3
1657,2023-02-04,3407,0.6324674404367434,0.6351128953801745,9,4
1658,2023-02-05,3407,0.6289112536359093,0.6352546716936994,9,5
1659,2023-02-06,3407,0.6263884668240439,0.6353964371280864,9,6
1660,2023-02-07,3407,0.6234428885933456,0.6355381922382555,9,7
1661,2023-02-08,3407,0.6215953420126725,0.6356799386660078,9,8
1662,2023-02-09,3407,0.6211464944533314,0.6358216769494685,9,9
1663,2023-02-10,3407,0.6212660488018806,0.6359634070630501,9,10
1664,2023-02-11,3407,0.6201844727992454,0.6361051292341824,9,11
1665,2023-02-12,3407,0.6189982337381787,0.6362468440913935,9,12
1666,2023-02-13,3407,0.61628752015114,0.6363885522400858,9,13
1667,2023-02-14,3407,0.6153451461571212,0.6365302536628871,9,14
1668,2023-02-15,3407,0.6156725396125459,0.6366719471409428,9,15
1669,2023-02-16,3407,0.6154244770079844,0.6368136341690214,9,16
1670,2023-02-17,3407,0.615923004678957,0.636955314764895,9,17
1671,2023-02-18,3407,0.6151196414649692,0.6370969904279301,9,18
1672,2023-02-19,3407,0.6151516834364021,0.6372386605774073,9,19
1673,2023-02-20,3407,0.6133565209767589,0.6373803257181443,9,20
1674,2023-02-21,3407,0.6131711503424976,0.6375219853916282,9,21
1675,2023-02-22,3407,0.6143973061841708,0.6376636392357543,9,22
1676,2023-02-23,3407,0.6154519469431798,0.6378052875941119,9,23
1677,2023-02-24,3407,0.6156552238343591,0.6379469306047647,9,24
1678,2023-02-25,3407,0.6137465849085348,0.6380885681662107,9,25
1679,2023-02-26,3407,0.6141244121956145,0.6382302008651183,9,26
1680,2023-02-27,3407,0.614999473168015,0.6383718283011134,9,27
1681,2023-02-28,3407,0.6151425017335634,0.6385134503539779,9,28
1682,2023-03-01,3407,0.6147360002132268,0.6386550680736492,9,29
1683,2023-03-02,3407,0.616370222690301,0.6387966814932952,9,30
1684,2023-03-03,3407,0.6175644483700876,0.6389382903481473,9,31
1685,2023-03-04,3407,0.6165167969808188,0.6390798947458689,9,32
1686,2023-03-05,3407,0.6171785910353499,0.639221494796279,9,33
1687,2023-03-06,3407,0.6186784909270094,0.6393630905833413,9,34
1688,2023-03-07,3407,0.6226381965338943,0.6395046825525101,9,35
1689,2023-03-08,3407,0.6256678863878291,0.6396462708930362,9,36
1690,2023-03-09,3407,0.6282107241335334,0.6397878556788693,9,37
1691,2023-03-10,3407,0.6321932445916335,0.6399294369808498,9,38
1692,2023-03-11,3407,0.6341946688845219,0.6400710148654648,9,39
1693,2023-03-12,3407,0.6340022045506619,0.6402125893996456,9,40
1694,2023-03-13,3407,0.6312196925159277,0.6403541606496178,9,41
1695,2023-03-14,3407,0.6295129070732877,0.640495728679424,9,42
1696,2023-03-15,3407,0.6289650334344988,0.6406372932970926,9,43
1697,2023-03-16,3407,0.627458660053914,0.6407788544952701,9,44
1698,2023-03-17,3407,0.6252335838932603,0.6409204125270792,9,45
1699,2023-03-18,3407,0.621256297376128,0.6410619674584161,9,46
1700,2023-03-19,3407,0.617639753657145,0.641203519339866,9,47
1701,2023-03-20,3407,0.6133028928564948,0.641345068228057,9,48
1702,2023-03-21,3407,0.6100214875350976,0.6414866141909623,9,49
1703,2023-03-22,3407,0.6082150778488378,0.6416281575331688,9,50
1704,2023-03-23,3407,0.6082790391321715,0.6417696985241579,9,51
1705,2023-03-24,3407,0.6076553343434734,0.6419112372042045,9,52
1706,2023-03-25,3407,0.6046757592456237,0.6420527736118435,9,53
1707,2023-03-26,3407,0.6022783321280769,0.6421943077868604,9,54
1708,2023-03-27,3407,0.5981450957755873,0.6423358397685983,9,55
1709,2023-03-28,3407,0.5965645815960365,0.6424773695707326,9,56
1710,2023-03-29,3407,0.5927958703575205,0.6426188968549845,9,57
1711,2023-03-30,3407,0.5884716897068648,0.6427604216703398,9,58
1712,2023-03-31,3407,0.5850165051460021,0.642901944063796,9,59
3639,2023-02-01,3408,0.6638491935012099,0.6953504644013008,9,1
3640,2023-02-02,3408,0.663586073551972,0.6955092203403966,9,2
3641,2023-02-03,3408,0.66381199255488,0.6956679539622518,9,3
3642,2023-02-04,3408,0.664505296217959,0.6958266732463573,9,4
3643,2023-02-05,3408,0.6631354878113801,0.6959853803556562,9,5
3644,2023-02-06,3408,0.6628440966834234,0.6961440768613214,9,6
3645,2023-02-07,3408,0.6616610851504925,0.6963027644555779,9,7
3646,2023-02-08,3408,0.6612242594594082,0.6964614437406517,9,8
3647,2023-02-09,3408,0.6613453640345056,0.696620116903203,9,9
3648,2023-02-10,3408,0.6611395493681498,0.6967787827581801,9,10
3649,2023-02-11,3408,0.6618321276444699,0.6969374429263194,9,11
3650,2023-02-12,3408,0.6634310601823789,0.6970960963102247,9,12
3651,2023-02-13,3408,0.6660683831278335,0.6972547457977374,9,13
3652,2023-02-14,3408,0.6676316557635971,0.6974133898391413,9,14
3653,2023-02-15,3408,0.6702023710310816,0.6975720288009852,9,15
3654,2023-02-16,3408,0.6712412915359052,0.6977306636922261,9,16
3655,2023-02-17,3408,0.6707087788420959,0.6978892926662664,9,17
3656,2023-02-18,3408,0.6692470684542295,0.698047916305657,9,18
3657,2023-02-19,3408,0.6696437969655986,0.6982065357569174,9,19
3658,2023-02-20,3408,0.670569336077014,0.6983651507453692,9,20
3659,2023-02-21,3408,0.669925122951958,0.6985237610534364,9,21
3660,2023-02-22,3408,0.6688340559648271,0.6986823673599689,9,22
3661,2023-02-23,3408,0.6660903083439668,0.6988409699608152,9,23
3662,2023-02-24,3408,0.6649819462026414,0.6989995684274455,9,24
3663,2023-02-25,3408,0.6642962643126715,0.6991581633441789,9,25
3664,2023-02-26,3408,0.6635778940638163,0.6993167547538635,9,26
3665,2023-02-27,3408,0.6640424752011718,0.6994753426412023,9,27
3666,2023-02-28,3408,0.6644252568690456,0.6996339269162857,9,28
3667,2023-03-01,3408,0.6638460444395768,0.6997925073293477,9,29
3668,2023-03-02,3408,0.6627703640185106,0.6999510834345056,9,30
3669,2023-03-03,3408,0.6607967282646363,0.7001096554423817,9,31
3670,2023-03-04,3408,0.6590671437273654,0.7002682234997084,9,32
3671,2023-03-05,3408,0.6577764013933084,0.7004267876899943,9,33
3672,2023-03-06,3408,0.6550910823052573,0.7005853480899842,9,34
3673,2023-03-07,3408,0.6517724604043782,0.700743905190089,9,35
3674,2023-03-08,3408,0.6518518451568035,0.7009024591292191,9,36
3675,2023-03-09,3408,0.6523465782659393,0.7010610099704152,9,37
3676,2023-03-10,3408,0.6532096629819881,0.7012195577704701,9,38
3677,2023-03-11,3408,0.6520304824266796,0.7013781025635405,9,39
3678,2023-03-12,3408,0.6502788041936605,0.7015366444360456,9,40
3679,2023-03-13,3408,0.6499136205691729,0.7016951834496694,9,41
3680,2023-03-14,3408,0.6488276360618457,0.7018537198915821,9,42
3681,2023-03-15,3408,0.6468543603599763,0.7020122540395934,9,43
3682,2023-03-16,3408,0.6461309068145344,0.7021707857415896,9,44
3683,2023-03-17,3408,0.6461438371721222,0.7023293148203549,9,45
3684,2023-03-18,3408,0.6428002013421026,0.7024878413310013,9,46
3685,2023-03-19,3408,0.640007207795908,0.7026463653278904,9,47
3686,2023-03-20,3408,0.6387004401276618,0.7028048868634683,9,48
3687,2023-03-21,3408,0.6374057720966292,0.7029634059864419,9,49
3688,2023-03-22,3408,0.6362081217750138,0.7031219224991916,9,50
3689,2023-03-23,3408,0.6346841607504167,0.7032804363162493,9,51
3690,2023-03-24,3408,0.6348561379775013,0.7034389474926587,9,52
3691,2023-03-25,3408,0.637040009194672,0.7035974560829845,9,53
3692,2023-03-26,3408,0.6396307555457434,0.7037559621405238,9,54
3693,2023-03-27,3408,0.6417023068107245,0.7039144657167834,9,55
3694,2023-03-28,3408,0.6445532442718902,0.704072966862365,9,56
3695,2023-03-29,3408,0.6463998173598663,0.70423146562727,9,57
3696,2023-03-30,3408,0.6463494884006245,0.7043899620604841,9,58
3697,2023-03-31,3408,0.6479724567393584,0.7045484562095322,9,59
5624,2023-02-01,3409,0.35352529118882453,0.6632525498582791,9,1
5625,2023-02-02,3409,0.3557730847400719,0.6633594751757028,9,2
5626,2023-02-03,3409,0.3590269168610657,0.6634663932997663,9,3
5627,2023-02-04,3409,0.36034134538084084,0.6635733059208112,9,4
5628,2023-02-05,3409,0.3619840315077266,0.6636802145539213,9,5
5629,2023-02-06,3409,0.3628657680693808,0.6637871204653271,9,6
5630,2023-02-07,3409,0.36607044293166247,0.6638940246735572,9,7
5631,2023-02-08,3409,0.37024028148682625,0.6640009262366893,9,8
5632,2023-02-09,3409,0.3734678015369022,0.6641078267757231,9,9
5633,2023-02-10,3409,0.37823827892553963,0.6642147271522582,9,10
5634,2023-02-11,3409,0.3836425235316095,0.6643216276400966,9,11
5635,2023-02-12,3409,0.3882966067521284,0.664428527166772,9,12
5636,2023-02-13,3409,0.3935622569853675,0.6645354259415086,9,13
5637,2023-02-14,3409,0.4005495563554021,0.6646423235508154,9,14
5638,2023-02-15,3409,0.40643315339693614,0.6647492201813494,9,15
5639,2023-02-16,3409,0.4116619077241023,0.664856115904549,9,16
5640,2023-02-17,3409,0.41636808950514653,0.6649630107348861,9,17
5641,2023-02-18,3409,0.42037746135435955,0.6650699052840312,9,18
5642,2023-02-19,3409,0.4259479242563886,0.6651767993304366,9,19
5643,2023-02-20,3409,0.42870405043916693,0.665283692677333,9,20
5644,2023-02-21,3409,0.4302958095417838,0.665390585250089,9,21
5645,2023-02-22,3409,0.4324466138285146,0.6654974771873858,9,22
5646,2023-02-23,3409,0.4342300737963729,0.6656043687227213,9,23
5647,2023-02-24,3409,0.4351139507419378,0.6657112598825958,9,24
5648,2023-02-25,3409,0.4346255498119695,0.6658181506599894,9,25
5649,2023-02-26,3409,0.4351033279208125,0.6659250408204496,9,26
5650,2023-02-27,3409,0.43323932531088805,0.6660319303369738,9,27
5651,2023-02-28,3409,0.43192844510986966,0.6661388192280493,9,28
5652,2023-03-01,3409,0.4286945123337559,0.6662457074378675,9,29
5653,2023-03-02,3409,0.4258022617591041,0.6663525950857238,9,30
5654,2023-03-03,3409,0.42551870440551287,0.6664594822160173,9,31
5655,2023-03-04,3409,0.42571182693888304,0.6665663690066909,9,32
5656,2023-03-05,3409,0.4245984073130691,0.6666732553274721,9,33
5657,2023-03-06,3409,0.4223157010000535,0.6667801411455014,9,34
5658,2023-03-07,3409,0.42197518403627166,0.6668870265160691,9,35
5659,2023-03-08,3409,0.41958397150591276,0.6669939113396969,9,36
5660,2023-03-09,3409,0.4189224874552564,0.6671007956805821,9,37
5661,2023-03-10,3409,0.41831791444962263,0.6672076797633888,9,38
5662,2023-03-11,3409,0.41806713517695204,0.6673145635707696,9,39
5663,2023-03-12,3409,0.4180021453776795,0.6674214472346379,9,40
5664,2023-03-13,3409,0.4152702972143493,0.6675283305090539,9,41
5665,2023-03-14,3409,0.41234449517581523,0.6676352134330762,9,42
5666,2023-03-15,3409,0.4116560369765877,0.6677420959309952,9,43
5667,2023-03-16,3409,0.4125361742537246,0.6678489780430237,9,44
5668,2023-03-17,3409,0.41331995240891517,0.6679558598404713,9,45
5669,2023-03-18,3409,0.4175724689854235,0.6680627413305007,9,46
5670,2023-03-19,3409,0.4191606514956877,0.6681696225227532,9,47
5671,2023-03-20,3409,0.4188162235423619,0.6682765034351157,9,48
5672,2023-03-21,3409,0.41841261014879916,0.6683833841047755,9,49
5673,2023-03-22,3409,0.4168365958036578,0.6684902645520266,9,50
5674,2023-03-23,3409,0.41743968005864057,0.6685971448283349,9,51
5675,2023-03-24,3409,0.4159098780734122,0.6687040248252081,9,52
5676,2023-03-25,3409,0.412450872739044,0.6688109045328332,9,53
5677,2023-03-26,3409,0.4076360665393516,0.6689177839576744,9,54
5678,2023-03-27,3409,0.40236602980270114,0.6690246631058462,9,55
5679,2023-03-28,3409,0.39694842084655246,0.6691315419864604,9,56
5680,2023-03-29,3409,0.3923645359966933,0.669238420608158,9,57
5681,2023-03-30,3409,0.38936200793211373,0.6693452989771806,9,58
5682,2023-03-31,3409,0.38641133273853684,0.6694521770992902,9,59
7609,2023-02-01,3410,0.7007283911138306,0.35288060180786174,9,1
7610,2023-02-02,3410,0.7048038860238833,0.35299009316143987,9,2
7611,2023-02-03,3410,0.7062799707220254,0.3530995575389528,9,3
7612,2023-02-04,3410,0.7082783276739466,0.35320900473231714,9,4
7613,2023-02-05,3410,0.7104061176611314,0.3533184408669669,9,5
7614,2023-02-06,3410,0.7104180345407688,0.3534278668657125,9,6
7615,2023-02-07,3410,0.7113284227411195,0.3535372840622801,9,7
7616,2023-02-08,3410,0.7119596557259827,0.35364669420503914,9,8
7617,2023-02-09,3410,0.7118142489988042,0.35375609651850265,9,9
7618,2023-02-10,3410,0.7113644548730619,0.3538654927631425,9,10
7619,2023-02-11,3410,0.7088983118804117,0.3539748840937333,9,11
7620,2023-02-12,3410,0.7081811881716416,0.3540842704518197,9,12
7621,2023-02-13,3410,0.7091975961200756,0.35419365055869634,9,13
7622,2023-02-14,3410,0.7105034619524735,0.3543030252711061,9,14
7623,2023-02-15,3410,0.711744564288588,0.35441239423166,9,15
7624,2023-02-16,3410,0.7117245143380272,0.35452175614267256,9,16
7625,2023-02-17,3410,0.7116144008531483,0.3546311127162517,9,17
7626,2023-02-18,3410,0.7109552471203671,0.3547404637009633,9,18
7627,2023-02-19,3410,0.710992652227491,0.35484980927120435,9,19
7628,2023-02-20,3410,0.7106439629368307,0.3549591506416298,9,20
7629,2023-02-21,3410,0.7120725984767426,0.3550684862609385,9,21
7630,2023-02-22,3410,0.713387023480708,0.3551778181067184,9,22
7631,2023-02-23,3410,0.714598754209392,0.35528714637799463,9,23
7632,2023-02-24,3410,0.7140912668853223,0.35539647120199763,9,24
7633,2023-02-25,3410,0.7121811743415758,0.35550579379791125,9,25
7634,2023-02-26,3410,0.7124187651037877,0.35561511416629993,9,26
7635,2023-02-27,3410,0.7115739943237593,0.3557244309470205,9,27
7636,2023-02-28,3410,0.7105861513340678,0.35583374272509033,9,28
7637,2023-03-01,3410,0.7087680325700341,0.3559430495791645,9,29
7638,2023-03-02,3410,0.7078856490365897,0.3560523516254717,9,30
7639,2023-03-03,3410,0.7048297019686965,0.3561616489873975,9,31
7640,2023-03-04,3410,0.7000772528270579,0.3562709417687525,9,32
7641,2023-03-05,3410,0.696403314295704,0.3563802305398532,9,33
7642,2023-03-06,3410,0.6937790575162026,0.35648951597907425,9,34
7643,2023-03-07,3410,0.6915114761818885,0.3565987973602323,9,35
7644,2023-03-08,3410,0.6884337401276633,0.3567080747802867,9,36
7645,2023-03-09,3410,0.6860227253800903,0.3568173483398999,9,37
7646,2023-03-10,3410,0.6834085698524174,0.3569266183765446,9,38
7647,2023-03-11,3410,0.6818816767932414,0.357035884994166,9,39
7648,2023-03-12,3410,0.681530081730219,0.3571451482648217,9,40
7649,2023-03-13,3410,0.6833324152961499,0.3572544082604654,9,41
7650,2023-03-14,3410,0.6861926808821771,0.3573636652249155,9,42
7651,2023-03-15,3410,0.6861135545201958,0.35747291957437344,9,43
7652,2023-03-16,3410,0.6844662052437347,0.3575821714440737,9,44
7653,2023-03-17,3410,0.6825043332517005,0.3576914208839597,9,45
7654,2023-03-18,3410,0.6814372955849053,0.3578006679447275,9,46
7655,2023-03-19,3410,0.6805311804996207,0.3579099127768499,9,47
7656,2023-03-20,3410,0.6802511642167128,0.35801915542363605,9,48
7657,2023-03-21,3410,0.6793127928548508,0.35812839592708495,9,49
7658,2023-03-22,3410,0.6782561214056251,0.3582376343262542,9,50
7659,2023-03-23,3410,0.6767123406911163,0.35834687066056925,9,51
7660,2023-03-24,3410,0.6749530731186533,0.35845610496852714,9,52
7661,2023-03-25,3410,0.6743718277716967,0.35856533739764623,9,53
7662,2023-03-26,3410,0.6746672026368848,0.3586745678157599,9,54
7663,2023-03-27,3410,0.6759087995637636,0.35878379594662124,9,55
7664,2023-03-28,3410,0.6775134286362188,0.3588930218374951,9,56
7665,2023-03-29,3410,0.6785284721206766,0.3590022455366008,9,57
7666,2023-03-30,3410,0.6783231680447488,0.3591114670886765,9,58
7667,2023-03-31,3410,0.677508866045341,0.35922068653825856,9,59
9594,2023-02-01,3411,0.40988806662945365,0.407459439765929,9,1
9595,2023-02-02,3411,0.41240690809736824,0.40755642545542725,9,2
9596,2023-02-03,3411,0.41334834791534963,0.4076533984874355,9,3
9597,2023-02-04,3411,0.41155926218902283,0.40775036267911735,9,4
9598,2023-02-05,3411,0.4101000750287402,0.40784731863890655,9,5
9599,2023-02-06,3411,0.4075432444167901,0.40794426838185094,9,6
9600,2023-02-07,3411,0.40601512385245553,0.40804121215095396,9,7
9601,2023-02-08,3411,0.40362593719217194,0.4081381514316062,9,8
9602,2023-02-09,3411,0.4007950493409903,0.40823508521196866,9,9
9603,2023-02-10,3411,0.39955394497419433,0.4083320156051375,9,10
9604,2023-02-11,3411,0.397561606932038,0.40842894345159564,9,11
9605,2023-02-12,3411,0.39596266396030466,0.40852586663778306,9,12
9606,2023-02-13,3411,0.3941188689921164,0.40862278527106755,9,13
9607,2023-02-14,3411,0.3944966426682505,0.40871970050465956,9,14
9608,2023-02-15,3411,0.39586352023038074,0.4088166112312044,9,15
9609,2023-02-16,3411,0.39715851959432125,0.40891351779073243,9,16
9610,2023-02-17,3411,0.4002171537064603,0.40901042151701733,9,17
9611,2023-02-18,3411,0.4024777238146623,0.4091073217482137,9,18
9612,2023-02-19,3411,0.4045524310083842,0.40920421794799183,9,19
9613,2023-02-20,3411,0.40541280315497136,0.40930111026737853,9,20
9614,2023-02-21,3411,0.4073965812251582,0.4093979994300703,9,21
9615,2023-02-22,3411,0.40989320493568693,0.409494885783977,9,22
9616,2023-02-23,3411,0.4127164889845469,0.40959176918542745,9,23
9617,2023-02-24,3411,0.4140060891286342,0.409688649398095,9,24
9618,2023-02-25,3411,0.41212262080604856,0.4097855264886713,9,25
9619,2023-02-26,3411,0.4103332870381081,0.4098824005479968,9,26
9620,2023-02-27,3411,0.4054190617916177,0.40997927174356924,9,27
9621,2023-02-28,3411,0.40271254353782526,0.4100761401468865,9,28
9622,2023-03-01,3411,0.40140036515938593,0.41017300594080586,9,29
9623,2023-03-02,3411,0.40061420671671016,0.41026986938473065,9,30
9624,2023-03-03,3411,0.3982130784669954,0.4103667305376682,9,31
9625,2023-03-04,3411,0.39496326828511097,0.41046358945243355,9,32
9626,2023-03-05,3411,0.3925408105691516,0.41056044537218844,9,33
9627,2023-03-06,3411,0.39250088276765005,0.41065729833668596,9,34
9628,2023-03-07,3411,0.3944614028098722,0.41075414841550606,9,35
9629,2023-03-08,3411,0.3963867680479812,0.41085099574331674,9,36
9630,2023-03-09,3411,0.39968343999309086,0.4109478407331593,9,37
9631,2023-03-10,3411,0.4026009204981464,0.41104468358045215,9,38
9632,2023-03-11,3411,0.4035379768686379,0.41114152486073074,9,39
9633,2023-03-12,3411,0.4036504653010712,0.41123836410040915,9,40
9634,2023-03-13,3411,0.40372289301405057,0.41133520121944145,9,41
9635,2023-03-14,3411,0.40458032267811256,0.41143203604352924,9,42
9636,2023-03-15,3411,0.40418027034678383,0.41152886908406927,9,43
9637,2023-03-16,3411,0.40292464351595303,0.4116257004239723,9,44
9638,2023-03-17,3411,0.4006845644296003,0.41172253010554555,9,45
9639,2023-03-18,3411,0.39780247581678674,0.41181935814729614,9,46
9640,2023-03-19,3411,0.39536902805384283,0.41191618426141513,9,47
9641,2023-03-20,3411,0.3904360979187113,0.4120130081765082,9,48
9642,2023-03-21,3411,0.387689477018316,0.41210983019014447,9,49
9643,2023-03-22,3411,0.38587676772285306,0.4122066503709993,9,50
9644,2023-03-23,3411,0.3847684564873334,0.41230346875692564,9,51
9645,2023-03-24,3411,0.38382615794204467,0.4124002853848287,9,52
9646,2023-03-25,3411,0.3849569305121651,0.4124971002909386,9,53
9647,2023-03-26,3411,0.3867801991757844,0.4125939135101781,9,54
9648,2023-03-27,3411,0.38938989449271905,0.41269072507711113,9,55
9649,2023-03-28,3411,0.3933092270340553,0.41278753506052634,9,56
9650,2023-03-29,3411,0.3975178451011179,0.41288434377281247,9,57
9651,2023-03-30,3411,0.4022672112621706,0.412981151234769,9,58
9652,2023-03-31,3411,0.40582826788465426,0.4130779574666877,9,59
11579,2023-02-01,3412,0.6236555946981175,0.6192584199243044,9,1
11580,2023-02-02,3412,0.6274001285706393,0.6193583358358058,9,2
11581,2023-02-03,3412,0.6274478868473314,0.6194582277160302,9,3
11582,2023-02-04,3412,0.6274291814984153,0.619558103277823,9,4
11583,2023-02-05,3412,0.6242779498727704,0.6196579658025304,9,5
11584,2023-02-06,3412,0.6211600384724979,0.6197578175610965,9,6
11585,2023-02-07,3412,0.6171812992766054,0.6198576590255318,9,7
11586,2023-02-08,3412,0.6133040536274832,0.6199574916260769,9,8
11587,2023-02-09,3412,0.610597628977062,0.6200573160159625,9,9
11588,2023-02-10,3412,0.6085776631690891,0.6201571342401785,9,10
11589,2023-02-11,3412,0.6063771262476108,0.6202569469895352,9,11
11590,2023-02-12,3412,0.6039998488729056,0.6203567545603835,9,12
11591,2023-02-13,3412,0.6037190484409213,0.6204565566133221,9,13
11592,2023-02-14,3412,0.6036171770438411,0.6205563544191718,9,14
11593,2023-02-15,3412,0.6058475741630389,0.6206561459653364,9,15
11594,2023-02-16,3412,0.6077249293630462,0.6207559326854889,9,16
11595,2023-02-17,3412,0.6088253686705226,0.6208557141029428,9,17
11596,2023-02-18,3412,0.6095716604695286,0.6209554896300322,9,18
11597,2023-02-19,3412,0.6106479887769874,0.6210552607632914,9,19
11598,2023-02-20,3412,0.6125283099139861,0.6211550273665435,9,20
11599,2023-02-21,3412,0.6149660841955709,0.6212547901261336,9,21
11600,2023-02-22,3412,0.6166213385044002,0.6213545497204404,9,22
11601,2023-02-23,3412,0.6173576948866961,0.6214543069665536,9,23
11602,2023-02-24,3412,0.6172106985633227,0.6215540608288197,9,24
11603,2023-02-25,3412,0.6169770735291297,0.6216538103334149,9,25
11604,2023-02-26,3412,0.6161972580323162,0.6217535555907787,9,26
11605,2023-02-27,3412,0.6155303057716667,0.621853297008944,9,27
11606,2023-02-28,3412,0.612518627129231,0.6219530353516373,9,28
11607,2023-03-01,3412,0.608777907748119,0.6220527702640335,9,29
11608,2023-03-02,3412,0.604273907959396,0.6221525020317491,9,30
11609,2023-03-03,3412,0.6005931419928078,0.6222522314747182,9,31
11610,2023-03-04,3412,0.5977059655191069,0.6223519576063167,9,32
11611,2023-03-05,3412,0.5970041310258128,0.6224516804079107,9,33
11612,2023-03-06,3412,0.5980843498224557,0.6225514003787653,9,34
11613,2023-03-07,3412,0.5990525119729367,0.6226511174915705,9,35
11614,2023-03-08,3412,0.6028947762148634,0.6227508313911423,9,36
11615,2023-03-09,3412,0.6065636215544701,0.6228505423096372,9,37
11616,2023-03-10,3412,0.6118543448626196,0.6229502502980034,9,38
11617,2023-03-11,3412,0.6163275180531913,0.623049955420161,9,39
11618,2023-03-12,3412,0.6188910774637127,0.6231496577248937,9,40
11619,2023-03-13,3412,0.6213611450887383,0.6232493572732453,9,41
11620,2023-03-14,3412,0.6245705163674002,0.6233490538367564,9,42
11621,2023-03-15,3412,0.6262969059977228,0.6234487472195149,9,43
11622,2023-03-16,3412,0.6261020577254363,0.6235484374809968,9,44
11623,2023-03-17,3412,0.6246796140752585,0.6236481247002877,9,45
11624,2023-03-18,3412,0.6191442550404778,0.6237478091068294,9,46
11625,2023-03-19,3412,0.614213949281891,0.623847490876707,9,47
11626,2023-03-20,3412,0.6109853112268395,0.6239471700593845,9,48
11627,2023-03-21,3412,0.6087007479558686,0.6240468467167084,9,49
11628,2023-03-22,3412,0.606573153591946,0.6241465212409478,9,50
11629,2023-03-23,3412,0.6027324329163187,0.6242461934806043,9,51
11630,2023-03-24,3412,0.598341981117474,0.6243458634750869,9,52
11631,2023-03-25,3412,0.5945385301591546,0.6244455312654185,9,53
11632,2023-03-26,3412,0.5914027230090623,0.6245451968974819,9,54
11633,2023-03-27,3412,0.5878754878134546,0.6246448604150112,9,55
11634,2023-03-28,3412,0.58560678476568,0.6247445218557881,9,56
11635,2023-03-29,3412,0.5836182262544208,0.624844181160808,9,57
11636,2023-03-30,3412,0.5796143727281742,0.6249438382315328,9,58
11637,2023-03-31,3412,0.5761541686459619,0.6250434931162017,9,59
13564,2023-02-01,3413,0.35868199311549476,0.3508840578637973,9,1
13565,2023-02-02,3413,0.3668546030005396,0.35103455843268605,9,2
13566,2023-02-03,3413,0.3743913711821128,0.351185047180862,9,3
13567,2023-02-04,3413,0.381336230688495,0.35133553079731034,9,4
13568,2023-02-05,3413,0.38641022402694164,0.3514860085945312,9,5
13569,2023-02-06,3413,0.3901756672215144,0.3516364800146772,9,6
13570,2023-02-07,3413,0.39417074779554984,0.3517869470845205,9,7
13571,2023-02-08,3413,0.3986260185200549,0.35193741073960944,9,8
13572,2023-02-09,3413,0.4005820823759848,0.3520878679879068,9,9
13573,2023-02-10,3413,0.39860165952238824,0.3522383197618087,9,10
13574,2023-02-11,3413,0.3971448434815336,0.3523887667865769,9,11
13575,2023-02-12,3413,0.3946122861690211,0.3525392094712608,9,12
13576,2023-02-13,3413,0.3931168973740829,0.3526896475413959,9,13
13577,2023-02-14,3413,0.39239169807282076,0.3528400806808335,9,14
13578,2023-02-15,3413,0.39137559193775423,0.35299050971677237,9,15
13579,2023-02-16,3413,0.39039158524223305,0.3531409351894823,9,16
13580,2023-02-17,3413,0.3898301995364745,0.3532913583948078,9,17
13581,2023-02-18,3413,0.3889696321261313,0.3534417798197187,9,18
13582,2023-02-19,3413,0.3892420109277924,0.3535921980881085,9,19
13583,2023-02-20,3413,0.3882747535139658,0.3537426125487825,9,20
13584,2023-02-21,3413,0.3861051405768867,0.35389302334018696,9,21
13585,2023-02-22,3413,0.38427361841618934,0.35404343155219453,9,22
13586,2023-02-23,3413,0.3819157448472577,0.35419383660664683,9,23
13587,2023-02-24,3413,0.3793466701809428,0.3543442383856495,9,24
13588,2023-02-25,3413,0.37738826154094973,0.35449463759124356,9,25
13589,2023-02-26,3413,0.3745239514034179,0.35464503377705386,9,26
13590,2023-02-27,3413,0.371519074482847,0.3547954276114994,9,27
13591,2023-02-28,3413,0.3696999537900287,0.35494581845845696,9,28
13592,2023-03-01,3413,0.36717229990153183,0.3550962063516134,9,29
13593,2023-03-02,3413,0.36417200288093204,0.3552465921409541,9,30
13594,2023-03-03,3413,0.36159952420542474,0.35539697585873176,9,31
13595,2023-03-04,3413,0.35929046769290796,0.35554735718360314,9,32
13596,2023-03-05,3413,0.3571537959959822,0.35569773562255386,9,33
13597,2023-03-06,3413,0.35576518723663153,0.35584811197272753,9,34
13598,2023-03-07,3413,0.3536746516636924,0.3559984862775957,9,35
13599,2023-03-08,3413,0.35282953057507316,0.3561488585690824,9,36
13600,2023-03-09,3413,0.35251782328188624,0.35629922887603693,9,37
13601,2023-03-10,3413,0.35159828401375665,0.3564495971865219,9,38
13602,2023-03-11,3413,0.35089689115565126,0.3565999630319792,9,39
13603,2023-03-12,3413,0.35190799975852655,0.3567503263455808,9,40
13604,2023-03-13,3413,0.35265962102406917,0.3569006871794593,9,41
13605,2023-03-14,3413,0.352313367999018,0.3570510455844603,9,42
13606,2023-03-15,3413,0.35306049564541425,0.35720140161461944,9,43
13607,2023-03-16,3413,0.35299968366770906,0.35735175536632435,9,44
13608,2023-03-17,3413,0.3525806494107956,0.3575021071315146,9,45
13609,2023-03-18,3413,0.35265783026728625,0.35765245701985743,9,46
13610,2023-03-19,3413,0.3532968587301982,0.35780280507118195,9,47
13611,2023-03-20,3413,0.3520248314752147,0.35795315119573334,9,48
13612,2023-03-21,3413,0.34955894905515583,0.3581034954223419,9,49
13613,2023-03-22,3413,0.3442583377732927,0.3582538378449596,9,50
13614,2023-03-23,3413,0.3404904268897684,0.3584041784998306,9,51
13615,2023-03-24,3413,0.33697127773642616,0.3585545174176794,9,52
13616,2023-03-25,3413,0.33125644525952047,0.3587048546303873,9,53
13617,2023-03-26,3413,0.32680752866127,0.35885519041835273,9,54
13618,2023-03-27,3413,0.32355786069090897,0.35900552491847076,9,55
13619,2023-03-28,3413,0.31909794346870496,0.35915585814968276,9,56
13620,2023-03-29,3413,0.3136134232028997,0.35930619007742054,9,57
13621,2023-03-30,3413,0.30660590505760477,0.35945652056989524,9,58
13622,2023-03-31,3413,0.3002514638595878,0.3596068495252468,9,59
15549,2023-02-01,3414,0.3744119827190349,0.3674666432845353,9,1
15550,2023-02-02,3414,0.3806841821653928,0.36754850702535236,9,2
15551,2023-02-03,3414,0.3832008818311111,0.3676303512916823,9,3
15552,2023-02-04,3414,0.38391554705539316,0.36771218220639623,9,4
15553,2023-02-05,3414,0.3829947860110637,0.36779400233209053,9,5
15554,2023-02-06,3414,0.3817915270918294,0.36787581350286913,9,6
15555,2023-02-07,3414,0.3811680422632512,0.3679576156727696,9,7
15556,2023-02-08,3414,0.3803517791596016,0.36803941041673494,9,8
15557,2023-02-09,3414,0.37843761365829726,0.36812119906876956,9,9
15558,2023-02-10,3414,0.3763973120451923,0.36820298217998837,9,10
15559,2023-02-11,3414,0.37429830482201815,0.36828476240199,9,11
15560,2023-02-12,3414,0.3721664882855908,0.3683665395591842,9,12
15561,2023-02-13,3414,0.37314975542691303,0.3684483127377027,9,13
15562,2023-02-14,3414,0.3775220465540695,0.3685300831169083,9,14
15563,2023-02-15,3414,0.38096338599894686,0.36861185097597804,9,15
15564,2023-02-16,3414,0.3847315168875811,0.3686936167977884,9,16
15565,2023-02-17,3414,0.386185943436107,0.36877537945535965,9,17
15566,2023-02-18,3414,0.3878540138013479,0.3688571388384339,9,18
15567,2023-02-19,3414,0.38873352638101094,0.36893889549555914,9,19
15568,2023-02-20,3414,0.39128596221311496,0.36902064960092806,9,20
15569,2023-02-21,3414,0.39295803682482017,0.369102400638645,9,21
15570,2023-02-22,3414,0.39538128084266205,0.36918414933555777,9,22
15571,2023-02-23,3414,0.3970350314026837,0.3692658959872588,9,23
15572,2023-02-24,3414,0.39525720671882164,0.3693476406918975,9,24
15573,2023-02-25,3414,0.3938677674571783,0.369429383221925,9,25
15574,2023-02-26,3414,0.39248304234219683,0.3695111242753491,9,26
15575,2023-02-27,3414,0.39163933243717064,0.3695928637301276,9,27
15576,2023-02-28,3414,0.391833972167567,0.3696746016290366,9,28
15577,2023-03-01,3414,0.3915624834705492,0.3697563373741387,9,29
15578,2023-03-02,3414,0.390459090992305,0.3698380709626279,9,30
15579,2023-03-03,3414,0.3903772242504657,0.36991980262092305,9,31
15580,2023-03-04,3414,0.3894308043617643,0.3700015326389756,9,32
15581,2023-03-05,3414,0.3892432788248149,0.37008326107717604,9,33
15582,2023-03-06,3414,0.39025081303938686,0.3701649879821513,9,34
15583,2023-03-07,3414,0.39069195162188136,0.3702467130240925,9,35
15584,2023-03-08,3414,0.3916510393667526,0.3703284360369595,9,36
15585,2023-03-09,3414,0.39533800528851,0.3704101570695164,9,37
15586,2023-03-10,3414,0.39747639600776874,0.37049187616571494,9,38
15587,2023-03-11,3414,0.4004644369831663,0.370573593373847,9,39
15588,2023-03-12,3414,0.4027915479024444,0.37065530892274884,9,40
15589,2023-03-13,3414,0.4051137547339863,0.37073702319512725,9,41
15590,2023-03-14,3414,0.4057169160665232,0.3708187364658532,9,42
15591,2023-03-15,3414,0.4037928623453773,0.3709004488363463,9,43
15592,2023-03-16,3414,0.4006442623698849,0.37098215994752604,9,44
15593,2023-03-17,3414,0.39898774066047266,0.37106386974720695,9,45
15594,2023-03-18,3414,0.39750638271382593,0.37114557794276876,9,46
15595,2023-03-19,3414,0.3939457650072483,0.37122728457010573,9,47
15596,2023-03-20,3414,0.3923578737710128,0.37130898983745014,9,48
15597,2023-03-21,3414,0.3912115987948983,0.3713906938672207,9,49
15598,2023-03-22,3414,0.39161591940985757,0.37147239657901526,9,50
15599,2023-03-23,3414,0.3908487348892866,0.3715540979446879,9,51
15600,2023-03-24,3414,0.39098561043091723,0.3716357979605707,9,52
15601,2023-03-25,3414,0.3923293529598527,0.3717174965870209,9,53
15602,2023-03-26,3414,0.39231612641510893,0.3717991938576754,9,54
15603,2023-03-27,3414,0.39295439301708057,0.3718808898076915,9,55
15604,2023-03-28,3414,0.39481551990116104,0.3719625844674112,9,56
15605,2023-03-29,3414,0.3971703474870979,0.3720442778652769,9,57
15606,2023-03-30,3414,0.39880377216109675,0.37212597003002507,9,58
15607,2023-03-31,3414,0.39934124522464176,0.3722076609889941,9,59
17534,2023-02-01,3415,0.6150826854078116,0.5038778532781873,9,1
17535,2023-02-02,3415,0.6198256326380774,0.5040253651731337,9,2
17536,2023-02-03,3415,0.6244131392549626,0.5041728499150544,9,3
17537,2023-02-04,3415,0.6281764123075083,0.504320316329841,9,4
17538,2023-02-05,3415,0.6310200098434986,0.5044677688154672,9,5
17539,2023-02-06,3415,0.6319763944977747,0.5046152080795807,9,6
17540,2023-02-07,3415,0.6319636441776992,0.5047626369867115,9,7
17541,2023-02-08,3415,0.6310152453650241,0.5049100563139073,9,8
17542,2023-02-09,3415,0.6306496966670804,0.5050574680522311,9,9
17543,2023-02-10,3415,0.6322422008672197,0.5052048711758049,9,10
17544,2023-02-11,3415,0.6303831278244655,0.5053522656148347,9,11
17545,2023-02-12,3415,0.6250820147092406,0.5054996525377592,9,12
17546,2023-02-13,3415,0.6190938181583707,0.505647032394986,9,13
17547,2023-02-14,3415,0.6118828546352046,0.5057944084480384,9,14
17548,2023-02-15,3415,0.6047634017935039,0.5059417794333075,9,15
17549,2023-02-16,3415,0.597718319192344,0.5060891442471362,9,16
17550,2023-02-17,3415,0.5909582751893743,0.5062365056881755,9,17
17551,2023-02-18,3415,0.5823974263534967,0.5063838625566838,9,18
17552,2023-02-19,3415,0.574307335471904,0.5065312160394185,9,19
17553,2023-02-20,3415,0.5640205004703042,0.5066785641717525,9,20
17554,2023-02-21,3415,0.5562638198707216,0.5068259070475151,9,21
17555,2023-02-22,3415,0.5498639988605147,0.5069732448510512,9,22
17556,2023-02-23,3415,0.5436222781702258,0.5071205770074375,9,23
17557,2023-02-24,3415,0.538670665505007,0.507267904550854,9,24
17558,2023-02-25,3415,0.5354577104887703,0.5074152274121244,9,25
17559,2023-02-26,3415,0.532811900572687,0.5075625449126957,9,26
17560,2023-02-27,3415,0.5282253069320597,0.5077098571946179,9,27
17561,2023-02-28,3415,0.5251170680196232,0.5078571655395148,9,28
17562,2023-03-01,3415,0.5224476938303637,0.5080044694727931,9,29
17563,2023-03-02,3415,0.5231130543929029,0.5081517684019469,9,30
17564,2023-03-03,3415,0.5245390240477953,0.5082990624395856,9,31
17565,2023-03-04,3415,0.5244138620868307,0.5084463517021799,9,32
17566,2023-03-05,3415,0.5220298520440523,0.5085936363052234,9,33
17567,2023-03-06,3415,0.5177950505268364,0.5087409165011559,9,34
17568,2023-03-07,3415,0.5132433579968145,0.508888192427955,9,35
17569,2023-03-08,3415,0.5108102121352885,0.5090354643468901,9,36
17570,2023-03-09,3415,0.5118706175722514,0.5091827331501178,9,37
17571,2023-03-10,3415,0.5118034352953083,0.5093299989035603,9,38
17572,2023-03-11,3415,0.5104577854793129,0.5094772612527859,9,39
17573,2023-03-12,3415,0.5079677503030666,0.5096245198726045,9,40
17574,2023-03-13,3415,0.5033136909292831,0.5097717748463035,9,41
17575,2023-03-14,3415,0.5009432631832873,0.5099190264498443,9,42
17576,2023-03-15,3415,0.5019517205000964,0.5100662748706383,9,43
17577,2023-03-16,3415,0.5051728705578494,0.510213520630263,9,44
17578,2023-03-17,3415,0.5075911987587278,0.5103607638745696,9,45
17579,2023-03-18,3415,0.5080630527184471,0.510508004130157,9,46
17580,2023-03-19,3415,0.5059315267041747,0.5106552414064846,9,47
17581,2023-03-20,3415,0.5044321061923902,0.5108024757591496,9,48
17582,2023-03-21,3415,0.5048401371768074,0.5109497072458784,9,49
17583,2023-03-22,3415,0.5040139316620065,0.5110969359190973,9,50
17584,2023-03-23,3415,0.5053950497105597,0.511244161539659,9,51
17585,2023-03-24,3415,0.5080543819864474,0.5113913841761482,9,52
17586,2023-03-25,3415,0.5100636555730184,0.5115386038978326,9,53
17587,2023-03-26,3415,0.5119896241011761,0.5116858207656741,9,54
17588,2023-03-27,3415,0.514115284910104,0.5118330348840993,9,55
17589,2023-03-28,3415,0.5148311752985015,0.5119802463887855,9,56
17590,2023-03-29,3415,0.5166042791601011,0.5121274556771656,9,57
17591,2023-03-30,3415,0.5181525087518624,0.512274662813596,9,58
17592,2023-03-31,3415,0.5183324792536688,0.5124218678376411,9,59
19519,2023-02-01,3416,0.5026553288008623,0.537719188590732,9,1
19520,2023-02-02,3416,0.5043103350089246,0.5377930051969927,9,2
19521,2023-02-03,3416,0.5054739860882911,0.5378668039016308,9,3
19522,2023-02-04,3416,0.5093560481638378,0.5379405902584212,9,4
19523,2023-02-05,3416,0.5144066957711179,0.5380143669008531,9,5
19524,2023-02-06,3416,0.5196623846552565,0.538088134780963,9,6
19525,2023-02-07,3416,0.5239224424691301,0.5381618953152704,9,7
19526,2023-02-08,3416,0.5278889603150112,0.5382356497801032,9,8
19527,2023-02-09,3416,0.5313481855528697,0.5383093980965977,9,9
19528,2023-02-10,3416,0.5357460364144002,0.538383141361113,9,10
19529,2023-02-11,3416,0.5399134002548033,0.5384568794192568,9,11
19530,2023-02-12,3416,0.543353851625109,0.5385306126833821,9,12
19531,2023-02-13,3416,0.5458081071667163,0.5386043405897275,9,13
19532,2023-02-14,3416,0.5482121622409869,0.5386780634230843,9,14
19533,2023-02-15,3416,0.549821172569825,0.5387517819280285,9,15
19534,2023-02-16,3416,0.5500442248460183,0.5388254955964992,9,16
19535,2023-02-17,3416,0.5497425713310001,0.5388992045603124,9,17
19536,2023-02-18,3416,0.5484332193870973,0.5389729097610017,9,18
19537,2023-02-19,3416,0.5490709855778857,0.5390466119502151,9,19
19538,2023-02-20,3416,0.5474931132751905,0.5391203101899179,9,20
19539,2023-02-21,3416,0.5470126992565438,0.5391940040769763,9,21
19540,2023-02-22,3416,0.5451229192419953,0.539267693569793,9,22
19541,2023-02-23,3416,0.5450282752309782,0.539341378805738,9,23
19542,2023-02-24,3416,0.5453213789141934,0.539415060951475,9,24
19543,2023-02-25,3416,0.5471264324608951,0.5394887401995739,9,25
19544,2023-02-26,3416,0.5490277777224991,0.5395624160673903,9,26
19545,2023-02-27,3416,0.552151377813348,0.5396360879977025,9,27
19546,2023-02-28,3416,0.5567072729615824,0.5397097559061812,9,28
19547,2023-03-01,3416,0.5606942335624333,0.5397834200806733,9,29
19548,2023-03-02,3416,0.5652732507896285,0.5398570806695239,9,30
19549,2023-03-03,3416,0.5679447694791028,0.5399307379738524,9,31
19550,2023-03-04,3416,0.5703569146418103,0.5400043919547329,9,32
19551,2023-03-05,3416,0.5712919540850965,0.5400780422786048,9,33
19552,2023-03-06,3416,0.5719416664925117,0.5401516890306738,9,34
19553,2023-03-07,3416,0.5698000876128618,0.5402253324920802,9,35
19554,2023-03-08,3416,0.5693082527053714,0.5402989729387981,9,36
19555,2023-03-09,3416,0.5681096360039113,0.5403726104504136,9,37
19556,2023-03-10,3416,0.5660053724259984,0.5404462451716718,9,38
19557,2023-03-11,3416,0.5644212130887329,0.540519876885737,9,39
19558,2023-03-12,3416,0.5637725506840062,0.540593505492596,9,40
19559,2023-03-13,3416,0.5625028221172839,0.5406671310579781,9,41
19560,2023-03-14,3416,0.5618296264280566,0.5407407536468801,9,42
19561,2023-03-15,3416,0.5611746127004313,0.5408143733213541,9,43
19562,2023-03-16,3416,0.5612319765546349,0.5408879901426266,9,44
19563,2023-03-17,3416,0.5611863312241776,0.540961604171042,9,45
19564,2023-03-18,3416,0.5593923592873642,0.5410352154658071,9,46
19565,2023-03-19,3416,0.5577247797918022,0.541108824083902,9,47
19566,2023-03-20,3416,0.5564852226001265,0.5411824300815463,9,48
19567,2023-03-21,3416,0.554585603326512,0.5412560335140623,9,49
19568,2023-03-22,3416,0.5523374391571402,0.5413296344355982,9,50
19569,2023-03-23,3416,0.5510547167174603,0.5414032328985477,9,51
19570,2023-03-24,3416,0.5481770857609891,0.5414768289545072,9,52
19571,2023-03-25,3416,0.5455171067825356,0.5415504226541763,9,53
19572,2023-03-26,3416,0.5400253846820343,0.5416240140471557,9,54
19573,2023-03-27,3416,0.5340544007812038,0.5416976031816295,9,55
19574,2023-03-28,3416,0.5285717864013589,0.541771190316814,9,56
19575,2023-03-29,3416,0.5241885371580237,0.5418447755896546,9,57
19576,2023-03-30,3416,0.5194215179538232,0.5419183590365878,9,58
19577,2023-03-31,3416,0.5133599046289945,0.5419919406927386,9,59
21504,2023-02-01,3418,0.5376732786928529,0.576976745307104,9,1
21505,2023-02-02,3418,0.5373629283855078,0.5770938540807857,9,2
21506,2023-02-03,3418,0.5401233748857306,0.5772109349154422,9,3
21507,2023-02-04,3418,0.5408370156365553,0.577327996385656,9,4
21508,2023-02-05,3418,0.5422763315666445,0.5774450415417303,9,5
21509,2023-02-06,3418,0.5445111246655421,0.5775620712140215,9,6
21510,2023-02-07,3418,0.5474465786529575,0.5776790913501056,9,7
21511,2023-02-08,3418,0.5497930379856848,0.5777961002083883,9,8
21512,2023-02-09,3418,0.5495601075294168,0.5779130988955691,9,9
21513,2023-02-10,3418,0.5469241723058282,0.57803008805527,9,10
21514,2023-02-11,3418,0.5447935623051289,0.5781470694703176,9,11
21515,2023-02-12,3418,0.5439573075197079,0.578264044142675,9,12
21516,2023-02-13,3418,0.5396150986721195,0.5783810096832187,9,13
21517,2023-02-14,3418,0.5363614143771167,0.5784979651351682,9,14
21518,2023-02-15,3418,0.5333358898781506,0.5786149123934071,9,15
21519,2023-02-16,3418,0.5288924976106809,0.5787318509725666,9,16
21520,2023-02-17,3418,0.5239800245529129,0.5788487838955816,9,17
21521,2023-02-18,3418,0.5198008996573795,0.5789657094625558,9,18
21522,2023-02-19,3418,0.5178499346888128,0.5790826264197245,9,19
21523,2023-02-20,3418,0.5168603256327138,0.5791995360864189,9,20
21524,2023-02-21,3418,0.5155932583851053,0.579316439266544,9,21
21525,2023-02-22,3418,0.5136856015091598,0.579433336582533,9,22
21526,2023-02-23,3418,0.5116397925035115,0.5795502277248838,9,23
21527,2023-02-24,3418,0.5094255244285584,0.5796671119870395,9,24
21528,2023-02-25,3418,0.5066045707340883,0.5797839901433379,9,25
21529,2023-02-26,3418,0.5053209097729232,0.579900862678433,9,26
21530,2023-02-27,3418,0.5053449784373978,0.5800177296976533,9,27
21531,2023-02-28,3418,0.5054547007274259,0.5801345913727175,9,28
21532,2023-03-01,3418,0.5046147531788217,0.5802514476204164,9,29
21533,2023-03-02,3418,0.5041212906375246,0.580368298101072,9,30
21534,2023-03-03,3418,0.5018391482517668,0.5804851429243263,9,31
21535,2023-03-04,3418,0.4986377761515627,0.5806019821234747,9,32
21536,2023-03-05,3418,0.4961016215276651,0.5807188153824714,9,33
21537,2023-03-06,3418,0.4931901958815579,0.580835642539955,9,34
21538,2023-03-07,3418,0.49275668311970444,0.5809524635830632,9,35
21539,2023-03-08,3418,0.49193997087283436,0.581069278642949,9,36
21540,2023-03-09,3418,0.48953344583462444,0.5811860878638299,9,37
21541,2023-03-10,3418,0.4855451432972003,0.5813028918480867,9,38
21542,2023-03-11,3418,0.48174167709062726,0.5814196910476405,9,39
21543,2023-03-12,3418,0.47860860627718205,0.581536485866785,9,40
21544,2023-03-13,3418,0.47838707124506963,0.5816532765815013,9,41
21545,2023-03-14,3418,0.47711605536920165,0.5817700630398853,9,42
21546,2023-03-15,3418,0.4751462422823335,0.5818868451670784,9,43
21547,2023-03-16,3418,0.47305886544355225,0.5820036230403199,9,44
21548,2023-03-17,3418,0.46983950368158106,0.582120396740332,9,45
21549,2023-03-18,3418,0.4675665217056254,0.5822371663519257,9,46
21550,2023-03-19,3418,0.46746293125250854,0.582353931685657,9,47
21551,2023-03-20,3418,0.46934706934455594,0.5824706926998899,9,48
21552,2023-03-21,3418,0.47351520908363376,0.5825874494822859,9,49
21553,2023-03-22,3418,0.4787431852697875,0.582704202454525,9,50
21554,2023-03-23,3418,0.48058632198643475,0.5828209517354047,9,51
21555,2023-03-24,3418,0.48098246150748014,0.5829376973943816,9,52
21556,2023-03-25,3418,0.48192562218351265,0.583054439500972,9,53
21557,2023-03-26,3418,0.48625054164556875,0.5831711785919546,9,54
21558,2023-03-27,3418,0.48983340255976715,0.5832879147190407,9,55
21559,2023-03-28,3418,0.491208611344776,0.5834046479312293,9,56
21560,2023-03-29,3418,0.4912512269641562,0.5835213782776302,9,57
21561,2023-03-30,3418,0.48929077245765795,0.5836381056746428,9,58
21562,2023-03-31,3418,0.48636801925932377,0.5837548299326587,9,59
23489,2023-02-01,3419,0.5794747802464543,0.6930469392414909,9,1
23490,2023-02-02,3419,0.582130287453925,0.6931619272549588,9,2
23491,2023-02-03,3419,0.5820311074384984,0.6932768986271982,9,3
23492,2023-02-04,3419,0.5788806052980378,0.6933918560158956,9,4
23493,2023-02-05,3419,0.5750222665555709,0.6935068054547602,9,5
23494,2023-02-06,3419,0.5707895980019065,0.6936217438830824,9,6
23495,2023-02-07,3419,0.569036076246953,0.6937366727611306,9,7
23496,2023-02-08,3419,0.5637636496314775,0.6938515924347315,9,8
23497,2023-02-09,3419,0.5589224063970326,0.6939665038618122,9,9
23498,2023-02-10,3419,0.5538851007153411,0.6940814058341704,9,10
23499,2023-02-11,3419,0.5485641374115497,0.6941963013295769,9,11
23500,2023-02-12,3419,0.5443792847622704,0.694311188639323,9,12
23501,2023-02-13,3419,0.5412949620852165,0.6944260680376201,9,13
23502,2023-02-14,3419,0.5407305337105556,0.6945409398823122,9,14
23503,2023-02-15,3419,0.5400545119589795,0.6946558060264229,9,15
23504,2023-02-16,3419,0.5402827637520285,0.6947706656350984,9,16
23505,2023-02-17,3419,0.5398031632245353,0.6948855188460419,9,17
23506,2023-02-18,3419,0.542313126074009,0.6950003657516755,9,18
23507,2023-02-19,3419,0.5435703677615461,0.6951152066789429,9,19
23508,2023-02-20,3419,0.5451051881458403,0.6952300413922592,9,20
23509,2023-02-21,3419,0.5474079796724515,0.6953448701207204,9,21
23510,2023-02-22,3419,0.5483806448292226,0.6954596933173551,9,22
23511,2023-02-23,3419,0.5486510207441178,0.6955745114009301,9,23
23512,2023-02-24,3419,0.54849012088249,0.6956893248474837,9,24
23513,2023-02-25,3419,0.5473936704783664,0.69580413252529,9,25
23514,2023-02-26,3419,0.5460026205750804,0.6959189343444385,9,26
23515,2023-02-27,3419,0.5440067583934736,0.6960337304143838,9,27
23516,2023-02-28,3419,0.5417463903220163,0.6961485214744032,9,28
23517,2023-03-01,3419,0.5385526387858841,0.6962633076271846,9,29
23518,2023-03-02,3419,0.5359543895195266,0.696378088987948,9,30
23519,2023-03-03,3419,0.5318861442804146,0.6964928656534317,9,31
23520,2023-03-04,3419,0.5291812119418722,0.6966076377056626,9,32
23521,2023-03-05,3419,0.5271779428704473,0.6967224052363215,9,33
23522,2023-03-06,3419,0.5272234987384941,0.6968371683462409,9,34
23523,2023-03-07,3419,0.5297954754276037,0.6969519271239996,9,35
23524,2023-03-08,3419,0.5327211573352786,0.6970666816478895,9,36
23525,2023-03-09,3419,0.5372036705685731,0.6971814320016717,9,37
23526,2023-03-10,3419,0.5407914346065271,0.6972961778615331,9,38
23527,2023-03-11,3419,0.5476916035578402,0.69741091950394,9,39
23528,2023-03-12,3419,0.5531596571566465,0.69752565710748,9,40
23529,2023-03-13,3419,0.5602777606393581,0.6976403907575514,9,41
23530,2023-03-14,3419,0.5647976210065698,0.6977551205373205,9,42
23531,2023-03-15,3419,0.5689394984017575,0.6978698465276008,9,43
23532,2023-03-16,3419,0.5721951531957303,0.6979845688085974,9,44
23533,2023-03-17,3419,0.5726298081267319,0.6980992874580896,9,45
23534,2023-03-18,3419,0.572752882343954,0.6982140025510343,9,46
23535,2023-03-19,3419,0.5695193306353948,0.6983287141608897,9,47
23536,2023-03-20,3419,0.5664002201092958,0.6984434222205376,9,48
23537,2023-03-21,3419,0.5612282567516265,0.698558126427786,9,49
23538,2023-03-22,3419,0.5562628809280525,0.6986728268686856,9,50
23539,2023-03-23,3419,0.5507360755111903,0.6987875236275276,9,51
23540,2023-03-24,3419,0.5450996542835062,0.6989022167863896,9,52
23541,2023-03-25,3419,0.5418291752578969,0.6990169064249796,9,53
23542,2023-03-26,3419,0.5382030318741321,0.6991315926216614,9,54
23543,2023-03-27,3419,0.535999388236757,0.6992462754530427,9,55
23544,2023-03-28,3419,0.5352911760073253,0.6993609551977361,9,56
23545,2023-03-29,3419,0.535370276633354,0.6994756319214888,9,57
23546,2023-03-30,3419,0.5358149080761839,0.6995903056855938,9,58
23547,2023-03-31,3419,0.536719279141044,0.6997049765523434,9,59
25474,2023-02-01,3420,0.6940146704553181,0.5678676282631409,9,1
25475,2023-02-02,3420,0.6955926578773419,0.5680719970465518,9,2
25476,2023-02-03,3420,0.6961793667171526,0.5682763447628982,9,3
25477,2023-02-04,3420,0.6985023401381775,0.5684806784780411,9,4
25478,2023-02-05,3420,0.700681703395856,0.5686850000021247,9,5
25479,2023-02-06,3420,0.7013726637714863,0.568889311267457,9,6
25480,2023-02-07,3420,0.7011695808921551,0.5690936133399445,9,7
25481,2023-02-08,3420,0.7002740113022987,0.5692979064498396,9,8
25482,2023-02-09,3420,0.700219634900949,0.5695021898759496,9,9
25483,2023-02-10,3420,0.7013427606078425,0.5697064640886758,9,10
25484,2023-02-11,3420,0.7016123716017766,0.5699107282901658,9,11
25485,2023-02-12,3420,0.7027058690508594,0.5701149842879213,9,12
25486,2023-02-13,3420,0.7037255982393914,0.5703192327139263,9,13
25487,2023-02-14,3420,0.703865437953053,0.5705234738412621,9,14
25488,2023-02-15,3420,0.7053462321316241,0.5707277068055556,9,15
25489,2023-02-16,3420,0.708228598583237,0.5709319315132179,9,16
25490,2023-02-17,3420,0.7108657498925753,0.5711361486701535,9,17
25491,2023-02-18,3420,0.7136502274525374,0.5713403588822557,9,18
25492,2023-02-19,3420,0.7152038490521941,0.5715445623664618,9,19
25493,2023-02-20,3420,0.7155960016156825,0.5717487594781088,9,20
25494,2023-02-21,3420,0.7148279304418601,0.5719529493376603,9,21
25495,2023-02-22,3420,0.7154242315168993,0.5721571333958345,9,22
25496,2023-02-23,3420,0.7172001136930254,0.5723613120164147,9,23
25497,2023-02-24,3420,0.7182832283605206,0.5725654860740627,9,24
25498,2023-02-25,3420,0.72026751550016,0.5727696551831133,9,25
25499,2023-02-26,3420,0.7229133388115423,0.5729738189103328,9,26
25500,2023-02-27,3420,0.7250584167957587,0.5731779790659317,9,27
25501,2023-02-28,3420,0.725244736513917,0.5733821349647765,9,28
25502,2023-03-01,3420,0.724641829287096,0.5735862854250146,9,29
25503,2023-03-02,3420,0.7224710515584669,0.573790429944716,9,30
25504,2023-03-03,3420,0.7214694229301831,0.5739945682364115,9,31
25505,2023-03-04,3420,0.7182783275041944,0.5741987008589242,9,32
25506,2023-03-05,3420,0.7146233436004609,0.5744028276971351,9,33
25507,2023-03-06,3420,0.7113223701023583,0.5746069486833845,9,34
25508,2023-03-07,3420,0.7078231918994756,0.5748110639554326,9,35
25509,2023-03-08,3420,0.7052534994014359,0.57501517363487,9,36
25510,2023-03-09,3420,0.7058183327675642,0.5752192778786657,9,37
25511,2023-03-10,3420,0.7079520548975193,0.5754233769621747,9,38
25512,2023-03-11,3420,0.7101092778218643,0.5756274718907859,9,39
25513,2023-03-12,3420,0.713641970766166,0.5758315619398998,9,40
25514,2023-03-13,3420,0.7171303300850106,0.5760356470528478,9,41
25515,2023-03-14,3420,0.7222539894376956,0.57623972733309,9,42
25516,2023-03-15,3420,0.7272147883600947,0.5764438028820233,9,43
25517,2023-03-16,3420,0.7318938222613975,0.5766478738010893,9,44
25518,2023-03-17,3420,0.734353620004172,0.576851940192751,9,45
25519,2023-03-18,3420,0.7363023053035052,0.5770560024788625,9,46
25520,2023-03-19,3420,0.7366596441442195,0.5772600610643814,9,47
25521,2023-03-20,3420,0.7368925008369059,0.5774641160190536,9,48
25522,2023-03-21,3420,0.7382434456177327,0.5776681673966584,9,49
25523,2023-03-22,3420,0.7390092375187505,0.5778722147896277,9,50
25524,2023-03-23,3420,0.7390344305526113,0.5780762582830912,9,51
25525,2023-03-24,3420,0.7400302397573586,0.5782802979543065,9,52
25526,2023-03-25,3420,0.740959273259971,0.5784843338847062,9,53
25527,2023-03-26,3420,0.7405770878288931,0.5786883661500316,9,54
25528,2023-03-27,3420,0.7414521642059221,0.5788923948276936,9,55
25529,2023-03-28,3420,0.7405705770459882,0.5790964199895399,9,56
25530,2023-03-29,3420,0.7393840966173589,0.5793004417096735,9,57
25531,2023-03-30,3420,0.738308538231422,0.5795044600580436,9,58
25532,2023-03-31,3420,0.7378087651633412,0.579708475105278,9,59
27459,2023-02-01,3421,0.5728116943472703,0.428945753959429,9,1
27460,2023-02-02,3421,0.5785728640644676,0.429006870117801,9,2
27461,2023-02-03,3421,0.5836291094867663,0.4290679593241992,9,3
27462,2023-02-04,3421,0.5881790987057582,0.4291290305404396,9,4
27463,2023-02-05,3421,0.5909690804362535,0.4291900905596072,9,5
27464,2023-02-06,3421,0.5929022817463286,0.42925113987732244,9,6
27465,2023-02-07,3421,0.5953459336653572,0.4293121808567874,9,7
27466,2023-02-08,3421,0.5971635648855571,0.42937321443596443,9,8
27467,2023-02-09,3421,0.598937190181364,0.42943424183083434,9,9
27468,2023-02-10,3421,0.6004176966245717,0.4294952626220582,9,10
27469,2023-02-11,3421,0.6016522406460176,0.42955627774007765,9,11
27470,2023-02-12,3421,0.6047716572534563,0.42961728783920544,9,12
27471,2023-02-13,3421,0.6069554884655383,0.42967829231416776,9,13
27472,2023-02-14,3421,0.6102170922278429,0.4297392914043685,9,14
27473,2023-02-15,3421,0.6118118438793521,0.42980028464297726,9,15
27474,2023-02-16,3421,0.613134679149596,0.429861272238513,9,16
27475,2023-02-17,3421,0.6136078472286128,0.42992225601210127,9,17
27476,2023-02-18,3421,0.6140891034052791,0.42998323620673573,9,18
27477,2023-02-19,3421,0.6135597640284718,0.4300442133384162,9,19
27478,2023-02-20,3421,0.6134767995884537,0.4301051866248744,9,20
27479,2023-02-21,3421,0.61367750816933,0.43016615608351483,9,21
27480,2023-02-22,3421,0.6127776923478975,0.43022712164545857,9,22
27481,2023-02-23,3421,0.6129922719372511,0.43028808371030786,9,23
27482,2023-02-24,3421,0.6120054063268864,0.4303490424727322,9,24
27483,2023-02-25,3421,0.6112925023871527,0.4304099982816463,9,25
27484,2023-02-26,3421,0.6108234006581058,0.4304709513343835,9,26
27485,2023-02-27,3421,0.610511072554009,0.4305319011800154,9,27
27486,2023-02-28,3421,0.6095151436190525,0.43059284755411864,9,28
27487,2023-03-01,3421,0.6089690511904975,0.4306537903527031,9,29
27488,2023-03-02,3421,0.6075125607993769,0.4307147303110008,9,30
27489,2023-03-03,3421,0.6069722085051097,0.43077566716125326,9,31
27490,2023-03-04,3421,0.6075398675901404,0.43083660101867305,9,32
27491,2023-03-05,3421,0.6081092461498123,0.43089753223275495,9,33
27492,2023-03-06,3421,0.6101551823917855,0.4309584608658094,9,34
27493,2023-03-07,3421,0.6114347325499206,0.43101938644951565,9,35
27494,2023-03-08,3421,0.6125297410324271,0.43108030903105266,9,36
27495,2023-03-09,3421,0.6132969410319498,0.43114122921484327,9,37
27496,2023-03-10,3421,0.6143485169201128,0.43120214659941153,9,38
27497,2023-03-11,3421,0.616449663177951,0.4312630616359227,9,39
27498,2023-03-12,3421,0.6190640485630451,0.43132397511862014,9,40
27499,2023-03-13,3421,0.6226511703919787,0.4313848863869287,9,41
27500,2023-03-14,3421,0.6262938988183491,0.4314457954646469,9,42
27501,2023-03-15,3421,0.6292457403302663,0.43150670209748415,9,43
27502,2023-03-16,3421,0.6301841251258254,0.43156760611700423,9,44
27503,2023-03-17,3421,0.6304142505354057,0.4316285075847055,9,45
27504,2023-03-18,3421,0.6319236374505343,0.43168940657472293,9,46
27505,2023-03-19,3421,0.6334151504380635,0.43175030324402297,9,47
27506,2023-03-20,3421,0.6359026652217248,0.4318111976423777,9,48
27507,2023-03-21,3421,0.6382510832231991,0.4318720898212708,9,49
27508,2023-03-22,3421,0.643475429230591,0.4319329798754303,9,50
27509,2023-03-23,3421,0.6467345947057435,0.43199386794045463,9,51
27510,2023-03-24,3421,0.6488694961471718,0.4320547539030933,9,52
27511,2023-03-25,3421,0.6480808689723137,0.43211563781013695,9,53
27512,2023-03-26,3421,0.6467707899062045,0.4321765197104032,9,54
27513,2023-03-27,3421,0.6451657322991731,0.43223740005212347,9,55
27514,2023-03-28,3421,0.6418132348706694,0.4322982790368096,9,56
27515,2023-03-29,3421,0.6369140719118709,0.4323591566899554,9,57
27516,2023-03-30,3421,0.6305836562473616,0.4324200330365537,9,58
27517,2023-03-31,3421,0.6237752727558699,0.43248090806815376,9,59
29444,2023-02-01,3422,0.42628139810370086,0.7289887274933893,9,1
29445,2023-02-02,3422,0.4247260625107754,0.7291177192350418,9,2
29446,2023-02-03,3422,0.42247031841108945,0.7292466927090887,9,3
29447,2023-02-04,3422,0.4217515101943599,0.7293756502754692,9,4
29448,2023-02-05,3422,0.4228465111051246,0.7295045967103867,9,5
29449,2023-02-06,3422,0.42329876343338,0.7296335352684364,9,6
29450,2023-02-07,3422,0.4261728838005217,0.7297624676857908,9,7
29451,2023-02-08,3422,0.42928538362641777,0.7298913940095972,9,8
29452,2023-02-09,3422,0.4318554215988602,0.7300203140272467,9,9
29453,2023-02-10,3422,0.43482519978111034,0.7301492276011351,9,10
29454,2023-02-11,3422,0.43701846647898324,0.7302781351719407,9,11
29455,2023-02-12,3422,0.43888260468353096,0.7304070377518428,9,12
29456,2023-02-13,3422,0.4427370740069154,0.7305359362674227,9,13
29457,2023-02-14,3422,0.4448369226295933,0.7306648303349673,9,14
29458,2023-02-15,3422,0.44765016117063244,0.7307937190776121,9,15
29459,2023-02-16,3422,0.44986325056458015,0.7309226032746428,9,16
29460,2023-02-17,3422,0.45198199200101047,0.7310514831433661,9,17
29461,2023-02-18,3422,0.45555110086829326,0.7311803588378182,9,18
29462,2023-02-19,3422,0.46043979035447047,0.7313092300281316,9,19
29463,2023-02-20,3422,0.4642646119083847,0.7314380985944771,9,20
29464,2023-02-21,3422,0.46991419961726966,0.7315669634116088,9,21
29465,2023-02-22,3422,0.47387884795855645,0.7316958243246201,9,22
29466,2023-02-23,3422,0.4761395324501563,0.7318246816076492,9,23
29467,2023-02-24,3422,0.47871425759168107,0.7319535362158293,9,24
29468,2023-02-25,3422,0.4816290919952152,0.7320823880117567,9,25
29469,2023-02-26,3422,0.4843821531947798,0.7322112365052501,9,26
29470,2023-02-27,3422,0.48545798274516627,0.7323400815133589,9,27
29471,2023-02-28,3422,0.48580589993809903,0.7324689233930332,9,28
29472,2023-03-01,3422,0.4847077161135066,0.732597762639699,9,29
29473,2023-03-02,3422,0.48282937932552106,0.7327265992118889,9,30
29474,2023-03-03,3422,0.47930983188104326,0.7328554330249144,9,31
29475,2023-03-04,3422,0.4768645137035059,0.7329842638000295,9,32
29476,2023-03-05,3422,0.4755638545522237,0.7331130912088567,9,33
29477,2023-03-06,3422,0.4754015269835207,0.7332419153282,9,34
29478,2023-03-07,3422,0.47209589671747487,0.7333707362285008,9,35
29479,2023-03-08,3422,0.46822251745472254,0.7334995539809692,9,36
29480,2023-03-09,3422,0.46522271926449665,0.7336283686657618,9,37
29481,2023-03-10,3422,0.46275600425641816,0.7337571808415918,9,38
29482,2023-03-11,3422,0.4608819524381517,0.7338859911178793,9,39
29483,2023-03-12,3422,0.4588734781547676,0.7340147995400537,9,40
29484,2023-03-13,3422,0.4576337723547346,0.7341436053598438,9,41
29485,2023-03-14,3422,0.45683973792494215,0.7342724085958588,9,42
29486,2023-03-15,3422,0.4555829863525391,0.7344012093028296,9,43
29487,2023-03-16,3422,0.45520502719956274,0.734530007529948,9,44
29488,2023-03-17,3422,0.4574424998769371,0.7346588038115798,9,45
29489,2023-03-18,3422,0.4611241800449498,0.73478759838367,9,46
29490,2023-03-19,3422,0.46494790624058313,0.7349163907419224,9,47
29491,2023-03-20,3422,0.4669621553453981,0.7350451809226687,9,48
29492,2023-03-21,3422,0.46789136878965615,0.7351739685172114,9,49
29493,2023-03-22,3422,0.4674112144369776,0.7353027536529553,9,50
29494,2023-03-23,3422,0.4664009934310297,0.7354315364555326,9,51
29495,2023-03-24,3422,0.46544527619534737,0.7355603174134457,9,52
29496,2023-03-25,3422,0.46558565873468705,0.7356890965635207,9,53
29497,2023-03-26,3422,0.4645043425967583,0.7358178739409553,9,54
29498,2023-03-27,3422,0.4611025794836747,0.7359466495800603,9,55
29499,2023-03-28,3422,0.45500865407782376,0.7360754235136945,9,56
29500,2023-03-29,3422,0.44885571726559637,0.7362041955523728,9,57
29501,2023-03-30,3422,0.4433539143213642,0.7363329657480598,9,58
29502,2023-03-31,3422,0.43996437112842524,0.7364617342741192,9,59
31429,2023-02-01,3423,0.4533133926996653,0.5654312075265775,9,1
31430,2023-02-02,3423,0.45627461968192967,0.5655301272470326,9,2
31431,2023-02-03,3423,0.46025939195580834,0.5656290379490833,9,3
31432,2023-02-04,3423,0.46275799963254743,0.5657279412277461,9,4
31433,2023-02-05,3423,0.46338581882915325,0.5658268390432624,9,5
31434,2023-02-06,3423,0.46648454214355145,0.5659257320651606,9,6
31435,2023-02-07,3423,0.46628810953640365,0.5660246208882315,9,7
31436,2023-02-08,3423,0.46627850048653163,0.5661235062411173,9,8
31437,2023-02-09,3423,0.46529989984630626,0.5662223883641905,9,9
31438,2023-02-10,3423,0.46374243810618115,0.5663212666689135,9,10
31439,2023-02-11,3423,0.46261580268720426,0.5664201421170659,9,11
31440,2023-02-12,3423,0.46009442171605636,0.5665190145936755,9,12
31441,2023-02-13,3423,0.4575982958447956,0.5666178845858618,9,13
31442,2023-02-14,3423,0.456081623735316,0.5667167523923585,9,14
31443,2023-02-15,3423,0.455353435184873,0.5668156181687113,9,15
31444,2023-02-16,3423,0.4555229935017147,0.5669144821945654,9,16
31445,2023-02-17,3423,0.45622967421190735,0.567013344549559,9,17
31446,2023-02-18,3423,0.4568881166430779,0.5671122047352097,9,18
31447,2023-02-19,3423,0.45796543689664915,0.5672110621882138,9,19
31448,2023-02-20,3423,0.4586431588897355,0.5673099172742077,9,20
31449,2023-02-21,3423,0.45798216718993034,0.5674087703544259,9,21
31450,2023-02-22,3423,0.459686305937255,0.5675076215475964,9,22
31451,2023-02-23,3423,0.4608246657490028,0.5676064715170666,9,23
31452,2023-02-24,3423,0.4626098672837909,0.5677053197565868,9,24
31453,2023-02-25,3423,0.4644452593147509,0.567804166107702,9,25
31454,2023-02-26,3423,0.46634762092123666,0.5679030101762189,9,26
31455,2023-02-27,3423,0.46935563915549255,0.5680018522037309,9,27
31456,2023-02-28,3423,0.47199216468525107,0.5681006922374378,9,28
31457,2023-03-01,3423,0.4744423176537634,0.5681995304995396,9,29
31458,2023-03-02,3423,0.47701617414364633,0.5682983673340309,9,30
31459,2023-03-03,3423,0.47919294382308,0.5683972027623515,9,31
31460,2023-03-04,3423,0.47977151341779906,0.5684960368142776,9,32
31461,2023-03-05,3423,0.4795778402070329,0.5685948691707183,9,33
31462,2023-03-06,3423,0.47732258254962867,0.5686936998488643,9,34
31463,2023-03-07,3423,0.47504865599183044,0.5687925288799142,9,35
31464,2023-03-08,3423,0.4691456347529159,0.5688913562997756,9,36
31465,2023-03-09,3423,0.4631588676076607,0.5689901821354502,9,37
31466,2023-03-10,3423,0.4592819338835558,0.5690890064109584,9,38
31467,2023-03-11,3423,0.4561916858768633,0.569187828950972,9,39
31468,2023-03-12,3423,0.4542008018779723,0.5692866497925595,9,40
31469,2023-03-13,3423,0.4533580193628645,0.569385468969291,9,41
31470,2023-03-14,3423,0.4509332958140477,0.569484286572333,9,42
31471,2023-03-15,3423,0.4506637977139395,0.569583102737457,9,43
31472,2023-03-16,3423,0.4528556061590899,0.5696819174893263,9,44
31473,2023-03-17,3423,0.45568400826147437,0.5697807308520407,9,45
31474,2023-03-18,3423,0.4607613179279674,0.5698795428529686,9,46
31475,2023-03-19,3423,0.46386500297634503,0.5699783535183691,9,47
31476,2023-03-20,3423,0.46649086348274527,0.5700771630027118,9,48
31477,2023-03-21,3423,0.4698797699355038,0.5701759715545051,9,49
31478,2023-03-22,3423,0.47158115484609625,0.5702747792163216,9,50
31479,2023-03-23,3423,0.4748801883107984,0.5703735858209577,9,51
31480,2023-03-24,3423,0.48024931442403707,0.5704723911670413,9,52
31481,2023-03-25,3423,0.4829679279295355,0.5705711952762651,9,53
31482,2023-03-26,3423,0.4859399039854854,0.5706699981722172,9,54
31483,2023-03-27,3423,0.4891430014457038,0.5707687998787427,9,55
31484,2023-03-28,3423,0.49308859442841635,0.5708676004179214,9,56
31485,2023-03-29,3423,0.4971860291797844,0.5709663998102903,9,57
31486,2023-03-30,3423,0.5005408743716031,0.5710651980775068,9,58
31487,2023-03-31,3423,0.5018013365177637,0.5711639952413884,9,59
33414,2023-02-01,3424,0.7250310974510853,0.390326929502453,9,1
33415,2023-02-02,3424,0.7219130735840371,0.39060888106293673,9,2
33416,2023-02-03,3424,0.7169177184744882,0.39089081175472257,9,3
33417,2023-02-04,3424,0.7143345087084898,0.39117272610299353,9,4
33418,2023-02-05,3424,0.7114776198543546,0.3914546214897314,9,5
33419,2023-02-06,3424,0.7102709747364958,0.3917365025703933,9,6
33420,2023-02-07,3424,0.7073302055711218,0.39201836811306817,9,7
33421,2023-02-08,3424,0.7067796840014562,0.3923002199470956,9,8
33422,2023-02-09,3424,0.705555125558982,0.3925820626781749,9,9
33423,2023-02-10,3424,0.70393878841495,0.39286389464030236,9,10
33424,2023-02-11,3424,0.7015589013047568,0.3931457150904387,9,11
33425,2023-02-12,3424,0.7007104538812519,0.3934275223773935,9,12
33426,2023-02-13,3424,0.7017452587732411,0.3937093169319382,9,13
33427,2023-02-14,3424,0.7017590061202184,0.39399109948614747,9,14
33428,2023-02-15,3424,0.699625499029749,0.39427287028019947,9,15
33429,2023-02-16,3424,0.6958779907865986,0.3945546292698033,9,16
33430,2023-02-17,3424,0.6934312011106123,0.394836376423706,9,17
33431,2023-02-18,3424,0.6903991190977229,0.3951181119764588,9,18
33432,2023-02-19,3424,0.6866858118786275,0.3953998355564617,9,19
33433,2023-02-20,3424,0.6832662907425671,0.39568154723112675,9,20
33434,2023-02-21,3424,0.6814590805480312,0.39596324836531843,9,21
33435,2023-02-22,3424,0.6783603602795416,0.3962449396065865,9,22
33436,2023-02-23,3424,0.6759775021722362,0.3965266211759354,9,23
33437,2023-02-24,3424,0.6739286941021516,0.39680829325240125,9,24
33438,2023-02-25,3424,0.6750993307190186,0.39708995515072515,9,25
33439,2023-02-26,3424,0.6769596112017141,0.3973716069547039,9,26
33440,2023-02-27,3424,0.6798687823498839,0.39765324886680276,9,27
33441,2023-02-28,3424,0.6820246620022964,0.3979348813692437,9,28
33442,2023-03-01,3424,0.6858765854927434,0.39821650536262027,9,29
33443,2023-03-02,3424,0.6883182678546018,0.3984981210469379,9,30
33444,2023-03-03,3424,0.6905203336234618,0.39877972857794824,9,31
33445,2023-03-04,3424,0.6926664747097282,0.39906132811444345,9,32
33446,2023-03-05,3424,0.6954639047551685,0.3993429198205121,9,33
33447,2023-03-06,3424,0.7000025506417611,0.39962450386768816,9,34
33448,2023-03-07,3424,0.7034409415061024,0.3999060804002907,9,35
33449,2023-03-08,3424,0.707801353610047,0.400187649561593,9,36
33450,2023-03-09,3424,0.7099119126114863,0.4004692114986987,9,37
33451,2023-03-10,3424,0.7139830988965163,0.40075076636157486,9,38
33452,2023-03-11,3424,0.7162768364410568,0.4010323142842271,9,39
33453,2023-03-12,3424,0.7202150597136121,0.40131385539727055,9,40
33454,2023-03-13,3424,0.7214417612209509,0.40159538983325943,9,41
33455,2023-03-14,3424,0.7234317096089748,0.40187691772575823,9,42
33456,2023-03-15,3424,0.724341624668227,0.40215843918384303,9,43
33457,2023-03-16,3424,0.7228082829123631,0.4024399539970152,9,44
33458,2023-03-17,3424,0.7202880176772972,0.40272146229517375,9,45
33459,2023-03-18,3424,0.7186972679037035,0.4030029642079684,9,46
33460,2023-03-19,3424,0.7185711027632389,0.4032844598595752,9,47
33461,2023-03-20,3424,0.7160604958176018,0.40356594937027135,9,48
33462,2023-03-21,3424,0.7142807369116135,0.4038474328590953,9,49
33463,2023-03-22,3424,0.7108735918371233,0.4041289104444984,9,50
33464,2023-03-23,3424,0.7102307203324465,0.4044103822411254,9,51
33465,2023-03-24,3424,0.708238785782975,0.40469184852560586,9,52
33466,2023-03-25,3424,0.7049581031136926,0.4049733095248636,9,53
33467,2023-03-26,3424,0.7016665227580454,0.4052547653364415,9,54
33468,2023-03-27,3424,0.6993970953427813,0.40553621605593454,9,55
33469,2023-03-28,3424,0.6956436389543397,0.40581766177718787,9,56
33470,2023-03-29,3424,0.6915930082004497,0.40609910259210646,9,57
33471,2023-03-30,3424,0.6870623184723682,0.40638053859067896,9,58
33472,2023-03-31,3424,0.681531361841089,0.4066619698611188,9,59
35399,2023-02-01,3425,0.5705415216665576,0.6526829020840897,9,1
35400,2023-02-02,3425,0.5773711557035717,0.6528197989852287,9,2
35401,2023-02-03,3425,0.5818134349592613,0.6529566798814448,9,3
35402,2023-02-04,3425,0.586287848546092,0.6530935447528161,9,4
35403,2023-02-05,3425,0.5909848337472245,0.6532303995498063,9,5
35404,2023-02-06,3425,0.5953167338757103,0.6533672452785195,9,6
35405,2023-02-07,3425,0.6018768086137969,0.6535040818239941,9,7
35406,2023-02-08,3425,0.6121331943205436,0.65364090928039,9,8
35407,2023-02-09,3425,0.6194728431314913,0.6537777292436384,9,9
35408,2023-02-10,3425,0.6242039582877537,0.6539145401606334,9,10
35409,2023-02-11,3425,0.6275044476331787,0.6540513427917574,9,11
35410,2023-02-12,3425,0.6328614134517796,0.6541881373292529,9,12
35411,2023-02-13,3425,0.6397787674323603,0.6543249251812954,9,13
35412,2023-02-14,3425,0.6443028200550612,0.654461705231062,9,14
35413,2023-02-15,3425,0.6466845638858526,0.6545984783442257,9,15
35414,2023-02-16,3425,0.6495562716878454,0.6547352438502929,9,16
35415,2023-02-17,3425,0.6487840878376614,0.6548720016850784,9,17
35416,2023-02-18,3425,0.6455053363297009,0.6550087536837235,9,18
35417,2023-02-19,3425,0.6443150511254446,0.6551455000694737,9,19
35418,2023-02-20,3425,0.6437351353578541,0.655282239745201,9,20
35419,2023-02-21,3425,0.6443958547922148,0.6554189723378051,9,21
35420,2023-02-22,3425,0.6415995950228897,0.6555556979966632,9,22
35421,2023-02-23,3425,0.6386749072771024,0.6556924174959595,9,23
35422,2023-02-24,3425,0.636676286699658,0.6558291313704759,9,24
35423,2023-02-25,3425,0.6341353435760724,0.6559658400127375,9,25
35424,2023-02-26,3425,0.6299042943297056,0.6561025432243334,9,26
35425,2023-02-27,3425,0.6272493463875729,0.6562392410660067,9,27
35426,2023-02-28,3425,0.6223001078486966,0.656375933529196,9,28
35427,2023-03-01,3425,0.6168111490396091,0.6565126199708053,9,29
35428,2023-03-02,3425,0.6112713525261348,0.6566493005422176,9,30
35429,2023-03-03,3425,0.6044926900773826,0.6567859753721869,9,31
35430,2023-03-04,3425,0.5978591157315789,0.6569226446033927,9,32
35431,2023-03-05,3425,0.5894239746420971,0.6570593083552176,9,33
35432,2023-03-06,3425,0.5820171289056042,0.6571959673708222,9,34
35433,2023-03-07,3425,0.5776479218284223,0.6573326219700371,9,35
35434,2023-03-08,3425,0.5738986890744229,0.6574692725283108,9,36
35435,2023-03-09,3425,0.5703534160714698,0.6576059191763827,9,37
35436,2023-03-10,3425,0.5684206973970996,0.657742561993384,9,38
35437,2023-03-11,3425,0.5644672233001371,0.6578792008051798,9,39
35438,2023-03-12,3425,0.5637654794607888,0.6580158354637575,9,40
35439,2023-03-13,3425,0.5647073742388956,0.6581524660595137,9,41
35440,2023-03-14,3425,0.5665004799219596,0.6582890930782858,9,42
35441,2023-03-15,3425,0.5670993484570759,0.6584257167885619,9,43
35442,2023-03-16,3425,0.5660322011520721,0.6585623372486923,9,44
35443,2023-03-17,3425,0.5637563653455501,0.6586989545229424,9,45
35444,2023-03-18,3425,0.562183068771424,0.6588355686693951,9,46
35445,2023-03-19,3425,0.5602532272115616,0.6589721797487287,9,47
35446,2023-03-20,3425,0.5617933821422045,0.6591087881821522,9,48
35447,2023-03-21,3425,0.5639659236019962,0.6592453940610247,9,49
35448,2023-03-22,3425,0.5644447566407658,0.6593819971996473,9,50
35449,2023-03-23,3425,0.5631034447755063,0.6595185975637864,9,51
35450,2023-03-24,3425,0.5596728107957485,0.6596551952008914,9,52
35451,2023-03-25,3425,0.5576379987650814,0.659791790157561,9,53
35452,2023-03-26,3425,0.556373917798922,0.6599283824791913,9,54
35453,2023-03-27,3425,0.5541420298717901,0.6600649722099514,9,55
35454,2023-03-28,3425,0.5523544101597466,0.6602015593934561,9,56
35455,2023-03-29,3425,0.5511412340076385,0.6603381440725026,9,57
35456,2023-03-30,3425,0.5472407018825456,0.6604747262889106,9,58
35457,2023-03-31,3425,0.5460605376997909,0.6606113060149547,9,59
37384,2023-02-01,144969,0.38785399216172023,0.6116306033639334,9,1
37385,2023-02-02,144969,0.38585534229185936,0.6117179537979851,9,2
37386,2023-02-03,144969,0.38330425702233983,0.6118052942004776,9,3
37387,2023-02-04,144969,0.3816895719833478,0.6118926271481383,9,4
37388,2023-02-05,144969,0.3807638073975016,0.6119799541477372,9,5
37389,2023-02-06,144969,0.3802953471427266,0.6120672769396652,9,6
37390,2023-02-07,144969,0.38127059561490995,0.6121545937081971,9,7
37391,2023-02-08,144969,0.3826783247982063,0.612241907091052,9,8
37392,2023-02-09,144969,0.3848418299353938,0.6123292173100983,9,9
37393,2023-02-10,144969,0.3881072984437664,0.612416524655791,9,10
37394,2023-02-11,144969,0.39004486810388567,0.6125038297330998,9,11
37395,2023-02-12,144969,0.39265480498718314,0.6125911317790521,9,12
37396,2023-02-13,144969,0.3953068195661661,0.6126784306282034,9,13
37397,2023-02-14,144969,0.39842449816419023,0.6127657266162789,9,14
37398,2023-02-15,144969,0.4002291706380306,0.6128530200061428,9,15
37399,2023-02-16,144969,0.40255659606677086,0.6129403106834331,9,16
37400,2023-02-17,144969,0.4043678498147568,0.6130275981450292,9,17
37401,2023-02-18,144969,0.40624160614182336,0.6131148832479665,9,18
37402,2023-02-19,144969,0.40830813303448305,0.6132021656911991,9,19
37403,2023-02-20,144969,0.40998033636250614,0.6132894456145521,9,20
37404,2023-02-21,144969,0.414198045794381,0.6133767232571697,9,21
37405,2023-02-22,144969,0.41820029722410534,0.6134639991712187,9,22
37406,2023-02-23,144969,0.4234965032631261,0.6135512737030966,9,23
37407,2023-02-24,144969,0.42642274353858617,0.6136385464043631,9,24
37408,2023-02-25,144969,0.4306072154736452,0.6137258172373589,9,25
37409,2023-02-26,144969,0.43521095832769846,0.6138130857290789,9,26
37410,2023-02-27,144969,0.4378188676292985,0.6139003520047288,9,27
37411,2023-02-28,144969,0.4387731066063557,0.6139876164984867,9,28
37412,2023-03-01,144969,0.4393421568654796,0.6140748787997138,9,29
37413,2023-03-02,144969,0.43767977279628206,0.614162138921254,9,30
37414,2023-03-03,144969,0.43439588626352654,0.6142493969048163,9,31
37415,2023-03-04,144969,0.4318914436234899,0.6143366531376511,9,32
37416,2023-03-05,144969,0.430632579408661,0.6144239079709788,9,33
37417,2023-03-06,144969,0.43072870045030226,0.6145111613870885,9,34
37418,2023-03-07,144969,0.43129279662629594,0.6145984130197716,9,35
37419,2023-03-08,144969,0.4293625333549199,0.6146856631451906,9,36
37420,2023-03-09,144969,0.42793186816556184,0.6147729121496026,9,37
37421,2023-03-10,144969,0.4273745721940716,0.6148601599070886,9,38
37422,2023-03-11,144969,0.4262989267529285,0.614947406182882,9,39
37423,2023-03-12,144969,0.42581425892791264,0.6150346510104442,9,40
37424,2023-03-13,144969,0.426443832663234,0.6151218944119582,9,41
37425,2023-03-14,144969,0.42632765330051836,0.6152091364145147,9,42
37426,2023-03-15,144969,0.4245208289379888,0.615296377054974,9,43
37427,2023-03-16,144969,0.42397193653779847,0.6153836161427807,9,44
37428,2023-03-17,144969,0.4208334576537333,0.6154708537222207,9,45
37429,2023-03-18,144969,0.418639375429634,0.6155580899570107,9,46
37430,2023-03-19,144969,0.414643156239059,0.6156453248695629,9,47
37431,2023-03-20,144969,0.4103308739701542,0.6157325584842049,9,48
37432,2023-03-21,144969,0.4054456957043987,0.6158197908268495,9,49
37433,2023-03-22,144969,0.4012994254831502,0.6159070219210686,9,50
37434,2023-03-23,144969,0.39511879261256355,0.6159942517883419,9,51
37435,2023-03-24,144969,0.3881466431616256,0.616081480252999,9,52
37436,2023-03-25,144969,0.38072277625569867,0.6161687073303918,9,53
37437,2023-03-26,144969,0.37103335004064497,0.6162559330732587,9,54
37438,2023-03-27,144969,0.36461599768690567,0.6163431576360929,9,55
37439,2023-03-28,144969,0.3579722204170678,0.6164303810409384,9,56
37440,2023-03-29,144969,0.3528083650815562,0.6165176033105078,9,57
37441,2023-03-30,144969,0.3492608822414486,0.6166048244678222,9,58
37442,2023-03-31,144969,0.3475014432687167,0.616692044762843,9,59
39369,2023-02-01,144971,0.6500765059283596,0.4508781064344174,9,1
39370,2023-02-02,144971,0.6470453789131347,0.4509381741710465,9,2
39371,2023-02-03,144971,0.6431416693410731,0.4509982230431852,9,3
39372,2023-02-04,144971,0.6371823450190714,0.45105825805733585,9,4
39373,2023-02-05,144971,0.6318398824242839,0.45111827914570796,9,5
39374,2023-02-06,144971,0.6280154778511696,0.45117829045977703,9,6
39375,2023-02-07,144971,0.6250954852319568,0.4512382924786136,9,7
39376,2023-02-08,144971,0.622364716963529,0.45129828675831757,9,8
39377,2023-02-09,144971,0.6195703964166742,0.4513582734352672,9,9
39378,2023-02-10,144971,0.6161017955556021,0.45141825225728804,9,10
39379,2023-02-11,144971,0.6134652723782633,0.45147822277730254,9,11
39380,2023-02-12,144971,0.6114846090065609,0.45153818715211425,9,12
39381,2023-02-13,144971,0.6108925349336116,0.4515981447251133,9,13
39382,2023-02-14,144971,0.6121974925052285,0.45165809625346925,9,14
39383,2023-02-15,144971,0.6131194527820839,0.45171804169681784,9,15
39384,2023-02-16,144971,0.6130580761451936,0.4517779796806533,9,16
39385,2023-02-17,144971,0.6130448715728634,0.4518379119328559,9,17
39386,2023-02-18,144971,0.614270799055495,0.45189783768940517,9,18
39387,2023-02-19,144971,0.6156088044170465,0.4519577576118417,9,19
39388,2023-02-20,144971,0.6176225314831406,0.45201767055270026,9,20
39389,2023-02-21,144971,0.6200503258184596,0.45207757674703775,9,21
39390,2023-02-22,144971,0.6218151271998996,0.45213747633631457,9,22
39391,2023-02-23,144971,0.6227292870902813,0.45219736967692165,9,23
39392,2023-02-24,144971,0.6233861941312973,0.45225725699495967,9,24
39393,2023-02-25,144971,0.6246208026074043,0.45231713820362146,9,25
39394,2023-02-26,144971,0.6253342316961531,0.452377013918949,9,26
39395,2023-02-27,144971,0.6263357723642393,0.4524368846741144,9,27
39396,2023-02-28,144971,0.6259591585878731,0.45249675023732683,9,28
39397,2023-03-01,144971,0.6264851806018548,0.452556610711793,9,29
39398,2023-03-02,144971,0.6261539174777735,0.45261646634118036,9,30
39399,2023-03-03,144971,0.6263877916212017,0.45267631748594855,9,31
39400,2023-03-04,144971,0.6276217402099574,0.45273616440492787,9,32
39401,2023-03-05,144971,0.6297438942030232,0.45279600707874074,9,33
39402,2023-03-06,144971,0.6314827282431035,0.4528558457332821,9,34
39403,2023-03-07,144971,0.6340934111452228,0.45291568043225205,9,35
39404,2023-03-08,144971,0.6368206698304446,0.4529755112354732,9,36
39405,2023-03-09,144971,0.6396566577969968,0.4530353382250905,9,37
39406,2023-03-10,144971,0.6430685635934085,0.4530951616603045,9,38
39407,2023-03-11,144971,0.645885218293173,0.45315498124420833,9,39
39408,2023-03-12,144971,0.6481191544627322,0.4532147970467934,9,40
39409,2023-03-13,144971,0.6504317901594034,0.45327460913841916,9,41
39410,2023-03-14,144971,0.6519072113287511,0.4533344176015037,9,42
39411,2023-03-15,144971,0.6524062093027914,0.453394222515397,9,43
39412,2023-03-16,144971,0.652458760278398,0.4534540239465984,9,44
39413,2023-03-17,144971,0.6519017010293745,0.45351382196090184,9,45
39414,2023-03-18,144971,0.6516355890877265,0.4535736169431057,9,46
39415,2023-03-19,144971,0.6505448866372132,0.4536334088546087,9,47
39416,2023-03-20,144971,0.6495262662633526,0.4536931977529369,9,48
39417,2023-03-21,144971,0.6476081835854897,0.4537529836981887,9,49
39418,2023-03-22,144971,0.6460778553040494,0.45381276674651283,9,50
39419,2023-03-23,144971,0.6423171667488107,0.45387254733536847,9,51
39420,2023-03-24,144971,0.6387205855196496,0.4539323254570886,9,52
39421,2023-03-25,144971,0.6351565985157762,0.4539921007698017,9,53
39422,2023-03-26,144971,0.6316147146915465,0.4540518733326837,9,54
39423,2023-03-27,144971,0.6261038692490956,0.4541116431972703,9,55
39424,2023-03-28,144971,0.6204906163195352,0.45417141024223684,9,56
39425,2023-03-29,144971,0.6151220508968839,0.4542311745406553,9,57
39426,2023-03-30,144971,0.6094871889033815,0.45429093651433405,9,58
39427,2023-03-31,144971,0.6052898077599306,0.4543506961513736,9,59
