,date,adm1_code,data,prediction
1439,2022-07-01,3407,0.6368750948848101,0.5277991
1440,2022-07-02,3407,0.637922202883483,0.52380884
1441,2022-07-03,3407,0.6391750318851915,0.52608085
1442,2022-07-04,3407,0.6409767635041231,0.5344701
1443,2022-07-05,3407,0.6426027201063785,0.5290414
1444,2022-07-06,3407,0.6451618890813376,0.5334485
1445,2022-07-07,3407,0.6475122342931028,0.5298247
1446,2022-07-08,3407,0.6504804242015061,0.52782035
1447,2022-07-09,3407,0.6527798082416175,0.53668255
1448,2022-07-10,3407,0.654301169210951,0.5318502
1449,2022-07-11,3407,0.6556629346168618,0.52900136
1450,2022-07-12,3407,0.6584603119271213,0.53579974
1451,2022-07-13,3407,0.6628635541417927,0.537011
1452,2022-07-14,3407,0.6667757209048204,0.5355463
1453,2022-07-15,3407,0.6724425834155954,0.5293263
1454,2022-07-16,3407,0.6764792239974077,0.5346837
1455,2022-07-17,3407,0.6807646096613122,0.52481467
1456,2022-07-18,3407,0.6836155670855392,0.5300236
1457,2022-07-19,3407,0.6874809830012746,0.52870727
1458,2022-07-20,3407,0.6904246417270754,0.5277767
1459,2022-07-21,3407,0.693372982365835,0.5261223
1460,2022-07-22,3407,0.695797453764906,0.52900004
1461,2022-07-23,3407,0.6960921160704621,0.52705914
1462,2022-07-24,3407,0.6965619066051321,0.5314549
1463,2022-07-25,3407,0.6966524498281335,0.528888
1464,2022-07-26,3407,0.6971099423632647,0.5313803
1465,2022-07-27,3407,0.6959378963044269,0.5303406
1466,2022-07-28,3407,0.695032268885183,0.5254994
1467,2022-07-29,3407,0.6907692982003772,0.52720845
1468,2022-07-30,3407,0.6856405809458788,0.5280802
1469,2022-07-31,3407,0.6800524747693759,0.528375
1470,2022-08-01,3407,0.6752744075621478,0.5340597
1471,2022-08-02,3407,0.6718239483944176,0.52670187
1472,2022-08-03,3407,0.6697188311835941,0.52817404
1473,2022-08-04,3407,0.6665973178014772,0.5316667
1474,2022-08-05,3407,0.6641719883363107,0.53029984
1475,2022-08-06,3407,0.6601357318276759,0.5275715
1476,2022-08-07,3407,0.6543985382246817,0.53068215
1477,2022-08-08,3407,0.6497698736517918,0.526649
1478,2022-08-09,3407,0.647314335611064,0.52996504
1479,2022-08-10,3407,0.6449062738435452,0.526258
1480,2022-08-11,3407,0.6421097346028104,0.52656925
1481,2022-08-12,3407,0.6380254452180558,0.52578413
1482,2022-08-13,3407,0.6315586046459792,0.54354346
1483,2022-08-14,3407,0.6259231498410703,0.53154385
1484,2022-08-15,3407,0.6188925660989614,0.5285206
1485,2022-08-16,3407,0.6142752844931322,0.53195846
1486,2022-08-17,3407,0.6109387869687498,0.5272759
1487,2022-08-18,3407,0.6080817835187846,0.5303966
1488,2022-08-19,3407,0.604669563859899,0.5279403
1489,2022-08-20,3407,0.602824969051053,0.53828573
1490,2022-08-21,3407,0.6013178590385838,0.5291216
1491,2022-08-22,3407,0.6010125557057735,0.52954257
1492,2022-08-23,3407,0.6015789569509948,0.52773726
1493,2022-08-24,3407,0.6018291751865178,0.5354309
1494,2022-08-25,3407,0.601477057897908,0.5287291
1495,2022-08-26,3407,0.6005322707885464,0.530021
1496,2022-08-27,3407,0.5995018967694647,0.5413544
1497,2022-08-28,3407,0.5977222912852833,0.53241193
1498,2022-08-29,3407,0.5980918553557231,0.55320114
3424,2022-07-01,3408,0.7227518228720269,0.61463755
3425,2022-07-02,3408,0.721876803065278,0.6029461
3426,2022-07-03,3408,0.7223845561077912,0.60653013
3427,2022-07-04,3408,0.7237391735067337,0.61024106
3428,2022-07-05,3408,0.725968479483022,0.614545
3429,2022-07-06,3408,0.7285947798720481,0.6077378
3430,2022-07-07,3408,0.7304085085358512,0.6064099
3431,2022-07-08,3408,0.7310970727070056,0.6062407
3432,2022-07-09,3408,0.732983027219628,0.6083278
3433,2022-07-10,3408,0.7345820307228104,0.6098813
3434,2022-07-11,3408,0.735542923144547,0.6113658
3435,2022-07-12,3408,0.7345150639825512,0.6104716
3436,2022-07-13,3408,0.7314827204909126,0.61948025
3437,2022-07-14,3408,0.726005218140466,0.61116767
3438,2022-07-15,3408,0.7209562093316246,0.6102671
3439,2022-07-16,3408,0.7156502786090836,0.61593366
3440,2022-07-17,3408,0.7120069807399485,0.6120397
3441,2022-07-18,3408,0.7099458454197849,0.61317843
3442,2022-07-19,3408,0.706710833750597,0.6099758
3443,2022-07-20,3408,0.7032388804474684,0.60525525
3444,2022-07-21,3408,0.7005966530014646,0.6112188
3445,2022-07-22,3408,0.6985310105385437,0.60598916
3446,2022-07-23,3408,0.6982242879830037,0.6106348
3447,2022-07-24,3408,0.7001770837074714,0.61193526
3448,2022-07-25,3408,0.7021911996609307,0.61180663
3449,2022-07-26,3408,0.7052917513505959,0.6052196
3450,2022-07-27,3408,0.7077512594859439,0.61263174
3451,2022-07-28,3408,0.7102109286512179,0.61045825
3452,2022-07-29,3408,0.7134622424087862,0.6107373
3453,2022-07-30,3408,0.7172784133440673,0.6118945
3454,2022-07-31,3408,0.7203312233413426,0.6132859
3455,2022-08-01,3408,0.7240095100077104,0.6107183
3456,2022-08-02,3408,0.7270083511579034,0.6053064
3457,2022-08-03,3408,0.7284946770079539,0.60578996
3458,2022-08-04,3408,0.7278560377284136,0.60389185
3459,2022-08-05,3408,0.7251889921151567,0.60765755
3460,2022-08-06,3408,0.7211609926375013,0.60889673
3461,2022-08-07,3408,0.7164240978606222,0.61641943
3462,2022-08-08,3408,0.7118846004545156,0.6186033
3463,2022-08-09,3408,0.7067691046536686,0.6092324
3464,2022-08-10,3408,0.7023217921476526,0.6108679
3465,2022-08-11,3408,0.6978893251612713,0.62247944
3466,2022-08-12,3408,0.694799152763738,0.60835624
3467,2022-08-13,3408,0.6929455179186609,0.6085372
3468,2022-08-14,3408,0.6929035603444511,0.6106487
3469,2022-08-15,3408,0.6930799249339132,0.60603833
3470,2022-08-16,3408,0.6950893934712717,0.6095309
3471,2022-08-17,3408,0.6972941023191134,0.61014545
3472,2022-08-18,3408,0.6993771057688134,0.61371845
3473,2022-08-19,3408,0.7018562957367068,0.6108711
3474,2022-08-20,3408,0.7044658825816765,0.61196333
3475,2022-08-21,3408,0.705422920698254,0.6107487
3476,2022-08-22,3408,0.7056482015905494,0.6133909
3477,2022-08-23,3408,0.7061051230184301,0.6091219
3478,2022-08-24,3408,0.7061052916687552,0.6107292
3479,2022-08-25,3408,0.7060047964446807,0.6118645
3480,2022-08-26,3408,0.7050610137095146,0.6123104
3481,2022-08-27,3408,0.7046689878324981,0.61465895
3482,2022-08-28,3408,0.704345946267064,0.6141784
3483,2022-08-29,3408,0.7042967400366614,0.61295575
5409,2022-07-01,3409,0.4921361330601684,0.3110653
5410,2022-07-02,3409,0.4919772070687392,0.30539176
5411,2022-07-03,3409,0.49172843068626626,0.3128905
5412,2022-07-04,3409,0.4915182149623073,0.30963492
5413,2022-07-05,3409,0.4891237544605091,0.31190762
5414,2022-07-06,3409,0.4872657332912957,0.31544483
5415,2022-07-07,3409,0.48579662052015465,0.31546852
5416,2022-07-08,3409,0.483744803373114,0.31867036
5417,2022-07-09,3409,0.4813758849068804,0.31284782
5418,2022-07-10,3409,0.4785933961244083,0.3194667
5419,2022-07-11,3409,0.47382337550763376,0.31874573
5420,2022-07-12,3409,0.47089202582089423,0.3180711
5421,2022-07-13,3409,0.46557067419460896,0.3269403
5422,2022-07-14,3409,0.45948813684946055,0.3160831
5423,2022-07-15,3409,0.4561953523910118,0.31203556
5424,2022-07-16,3409,0.4526864097997465,0.3178451
5425,2022-07-17,3409,0.4496702814146178,0.31876385
5426,2022-07-18,3409,0.44608544061729605,0.31592909
5427,2022-07-19,3409,0.44123560378812093,0.31882817
5428,2022-07-20,3409,0.4379269813985093,0.31939045
5429,2022-07-21,3409,0.436152599550333,0.3160456
5430,2022-07-22,3409,0.43402653734417457,0.32122728
5431,2022-07-23,3409,0.43598500231393567,0.3203892
5432,2022-07-24,3409,0.438725774192861,0.31363538
5433,2022-07-25,3409,0.44090588971203504,0.31848967
5434,2022-07-26,3409,0.44474638421493945,0.3120007
5435,2022-07-27,3409,0.4483576981506488,0.32184935
5436,2022-07-28,3409,0.4521013922788848,0.31809598
5437,2022-07-29,3409,0.4542711314837401,0.32385427
5438,2022-07-30,3409,0.45527890747958866,0.31538033
5439,2022-07-31,3409,0.4571321171794468,0.31763083
5440,2022-08-01,3409,0.45878002405588847,0.33250564
5441,2022-08-02,3409,0.4593378330063441,0.31737253
5442,2022-08-03,3409,0.4618819426411306,0.31993353
5443,2022-08-04,3409,0.4640663624898558,0.33395725
5444,2022-08-05,3409,0.4664936913776428,0.33061478
5445,2022-08-06,3409,0.466750009163899,0.32405353
5446,2022-08-07,3409,0.46669790156185914,0.31439728
5447,2022-08-08,3409,0.4685196359135717,0.32828707
5448,2022-08-09,3409,0.469950108713986,0.31567985
5449,2022-08-10,3409,0.47031002706985925,0.32026547
5450,2022-08-11,3409,0.47255080047973425,0.32132778
5451,2022-08-12,3409,0.4738487412982037,0.3261824
5452,2022-08-13,3409,0.4740182077372082,0.3177473
5453,2022-08-14,3409,0.4743412080155543,0.3230966
5454,2022-08-15,3409,0.47254250394548813,0.3127246
5455,2022-08-16,3409,0.4717149720177476,0.3270514
5456,2022-08-17,3409,0.46930452107147225,0.3172417
5457,2022-08-18,3409,0.46718553304237415,0.31884208
5458,2022-08-19,3409,0.46655208475982,0.31939858
5459,2022-08-20,3409,0.4672379897474186,0.32500082
5460,2022-08-21,3409,0.4656418691850061,0.31476948
5461,2022-08-22,3409,0.4638973098669862,0.31967056
5462,2022-08-23,3409,0.4622288801007229,0.32703006
5463,2022-08-24,3409,0.4605974067359873,0.318669
5464,2022-08-25,3409,0.4602771039092845,0.3135087
5465,2022-08-26,3409,0.45965652839160304,0.32564205
5466,2022-08-27,3409,0.4603142355484219,0.32588023
5467,2022-08-28,3409,0.46129628874421436,0.30918086
5468,2022-08-29,3409,0.4633423094330468,0.3243643
7394,2022-07-01,3410,0.6536139262730337,0.58103436
7395,2022-07-02,3410,0.6519161759419603,0.5793877
7396,2022-07-03,3410,0.6494791285359103,0.5821257
7397,2022-07-04,3410,0.6466417507899153,0.58074594
7398,2022-07-05,3410,0.6466343348734038,0.5821884
7399,2022-07-06,3410,0.6480189158483374,0.5827587
7400,2022-07-07,3410,0.6488387406114581,0.58579075
7401,2022-07-08,3410,0.648057249712934,0.5830944
7402,2022-07-09,3410,0.6455094944419477,0.585832
7403,2022-07-10,3410,0.6409388084276133,0.5987082
7404,2022-07-11,3410,0.6366492103175153,0.5934535
7405,2022-07-12,3410,0.6319925732899672,0.59539807
7406,2022-07-13,3410,0.6272928740287543,0.58563805
7407,2022-07-14,3410,0.6217969951255268,0.6016152
7408,2022-07-15,3410,0.6146978149454392,0.58657444
7409,2022-07-16,3410,0.6089842564155485,0.596264
7410,2022-07-17,3410,0.6033961451534301,0.58653694
7411,2022-07-18,3410,0.5995888234648235,0.5903079
7412,2022-07-19,3410,0.5976505874302506,0.5855433
7413,2022-07-20,3410,0.5981177433794805,0.5884192
7414,2022-07-21,3410,0.5999223522495583,0.588767
7415,2022-07-22,3410,0.602673610272747,0.5819169
7416,2022-07-23,3410,0.6052564896971786,0.58922786
7417,2022-07-24,3410,0.6088687460325313,0.58915204
7418,2022-07-25,3410,0.613488624368931,0.5843381
7419,2022-07-26,3410,0.6189896728369677,0.5947393
7420,2022-07-27,3410,0.6261903999988306,0.5881004
7421,2022-07-28,3410,0.6322714658703324,0.5882237
7422,2022-07-29,3410,0.6351537098872975,0.5893235
7423,2022-07-30,3410,0.6369247202842669,0.59335303
7424,2022-07-31,3410,0.6368088473771387,0.58814716
7425,2022-08-01,3410,0.6387019639545652,0.5875494
7426,2022-08-02,3410,0.6406932787250703,0.5909081
7427,2022-08-03,3410,0.6409789073086263,0.5855806
7428,2022-08-04,3410,0.640482634150682,0.5908532
7429,2022-08-05,3410,0.6383499778593832,0.5926429
7430,2022-08-06,3410,0.6352933053388964,0.593269
7431,2022-08-07,3410,0.6333953648022348,0.60419786
7432,2022-08-08,3410,0.6338482447818989,0.5939837
7433,2022-08-09,3410,0.6354646069148903,0.58589953
7434,2022-08-10,3410,0.6382044511596956,0.58844805
7435,2022-08-11,3410,0.6393614665997269,0.5903351
7436,2022-08-12,3410,0.6415164358930051,0.58666617
7437,2022-08-13,3410,0.6448911237593591,0.5845128
7438,2022-08-14,3410,0.6482143733871293,0.5876158
7439,2022-08-15,3410,0.6510192631604992,0.5889615
7440,2022-08-16,3410,0.6528519087866939,0.59451497
7441,2022-08-17,3410,0.6538476990088491,0.5898346
7442,2022-08-18,3410,0.6548657800437174,0.5890669
7443,2022-08-19,3410,0.6547073266805559,0.5939218
7444,2022-08-20,3410,0.6545112879152009,0.58937085
7445,2022-08-21,3410,0.6536835590493213,0.59069204
7446,2022-08-22,3410,0.652084777335028,0.588805
7447,2022-08-23,3410,0.6491959381458772,0.5968715
7448,2022-08-24,3410,0.6463463863940436,0.58988154
7449,2022-08-25,3410,0.6434354523818906,0.59509087
7450,2022-08-26,3410,0.6405869034487202,0.59643555
7451,2022-08-27,3410,0.6390891175570335,0.60151744
7452,2022-08-28,3410,0.6377908323822679,0.59942114
7453,2022-08-29,3410,0.6393786566169972,0.59920675
9379,2022-07-01,3411,0.4845642198541881,0.3405522
9380,2022-07-02,3411,0.4893950709262368,0.32470733
9381,2022-07-03,3411,0.4948139018267126,0.33756626
9382,2022-07-04,3411,0.5005458372520757,0.33364448
9383,2022-07-05,3411,0.5043356143231194,0.3270946
9384,2022-07-06,3411,0.5081205129853397,0.33573467
9385,2022-07-07,3411,0.510403267147293,0.34052977
9386,2022-07-08,3411,0.5120816164308664,0.3366267
9387,2022-07-09,3411,0.5142311972138754,0.33870667
9388,2022-07-10,3411,0.5154941129242036,0.33529538
9389,2022-07-11,3411,0.5181192113997297,0.33551008
9390,2022-07-12,3411,0.5207118412799494,0.3321827
9391,2022-07-13,3411,0.5246473100072252,0.345513
9392,2022-07-14,3411,0.5268900736994612,0.34445673
9393,2022-07-15,3411,0.5294696409209239,0.34112775
9394,2022-07-16,3411,0.5323204130358943,0.33568224
9395,2022-07-17,3411,0.5368526069955372,0.32735208
9396,2022-07-18,3411,0.5400907164512335,0.3312345
9397,2022-07-19,3411,0.5404619127088136,0.33840692
9398,2022-07-20,3411,0.5417077401981027,0.3273831
9399,2022-07-21,3411,0.5412443264178007,0.3340912
9400,2022-07-22,3411,0.5423551548661221,0.3349576
9401,2022-07-23,3411,0.5420712448443628,0.33538032
9402,2022-07-24,3411,0.541291682893347,0.33323598
9403,2022-07-25,3411,0.539554356594471,0.33236384
9404,2022-07-26,3411,0.5381896260256749,0.32996553
9405,2022-07-27,3411,0.5352413574415404,0.33296514
9406,2022-07-28,3411,0.5317291345924907,0.33404404
9407,2022-07-29,3411,0.5290759509361717,0.32398558
9408,2022-07-30,3411,0.5254387612926357,0.33385193
9409,2022-07-31,3411,0.522491632011406,0.34611994
9410,2022-08-01,3411,0.5189899447480102,0.3281621
9411,2022-08-02,3411,0.5168627680431355,0.33121434
9412,2022-08-03,3411,0.5134210513033196,0.33944643
9413,2022-08-04,3411,0.5085335883571572,0.33352983
9414,2022-08-05,3411,0.502246530843269,0.32908872
9415,2022-08-06,3411,0.49638807340134833,0.33143753
9416,2022-08-07,3411,0.49274872670514186,0.328338
9417,2022-08-08,3411,0.4910928109716341,0.327814
9418,2022-08-09,3411,0.49026088095459625,0.34279093
9419,2022-08-10,3411,0.48934801893012325,0.33337277
9420,2022-08-11,3411,0.4873792595577052,0.33249527
9421,2022-08-12,3411,0.48464872035014156,0.32873353
9422,2022-08-13,3411,0.4830778195441298,0.34213436
9423,2022-08-14,3411,0.48260409819710226,0.33457553
9424,2022-08-15,3411,0.48227096350590476,0.33312082
9425,2022-08-16,3411,0.48211552563332444,0.33384866
9426,2022-08-17,3411,0.48197154610002996,0.3475376
9427,2022-08-18,3411,0.4794250270045544,0.34135914
9428,2022-08-19,3411,0.4777061485577015,0.337359
9429,2022-08-20,3411,0.4771687866767098,0.33695963
9430,2022-08-21,3411,0.47853642451577666,0.34047884
9431,2022-08-22,3411,0.479905568075022,0.33964512
9432,2022-08-23,3411,0.4801641811384658,0.3278045
9433,2022-08-24,3411,0.4815547256868502,0.34200555
9434,2022-08-25,3411,0.48227469969786363,0.3353206
9435,2022-08-26,3411,0.4815051439950815,0.32935005
9436,2022-08-27,3411,0.4803638419514507,0.34911186
9437,2022-08-28,3411,0.48201284256594923,0.35229644
9438,2022-08-29,3411,0.4825557302745108,0.34304085
11364,2022-07-01,3412,0.6431276366227912,0.5740065
11365,2022-07-02,3412,0.6431264500699077,0.5725878
11366,2022-07-03,3412,0.643900211584873,0.57156014
11367,2022-07-04,3412,0.6455615899577402,0.57698923
11368,2022-07-05,3412,0.6477076611032027,0.580491
11369,2022-07-06,3412,0.648833488897982,0.5691109
11370,2022-07-07,3412,0.6499884212324962,0.57090205
11371,2022-07-08,3412,0.6493300558752361,0.56738293
11372,2022-07-09,3412,0.6479949479545988,0.57154536
11373,2022-07-10,3412,0.6463764688100163,0.5746511
11374,2022-07-11,3412,0.6448628028996815,0.5747341
11375,2022-07-12,3412,0.6438481845560888,0.576107
11376,2022-07-13,3412,0.6422625208069049,0.5736364
11377,2022-07-14,3412,0.6417665580929016,0.5718663
11378,2022-07-15,3412,0.6394415106627939,0.57650083
11379,2022-07-16,3412,0.6376073655998828,0.5727459
11380,2022-07-17,3412,0.636578515714639,0.5695989
11381,2022-07-18,3412,0.6340754033392895,0.573517
11382,2022-07-19,3412,0.6305093141307965,0.5685589
11383,2022-07-20,3412,0.628604619476308,0.58539206
11384,2022-07-21,3412,0.6281500877502393,0.5765543
11385,2022-07-22,3412,0.6281603622048502,0.5741314
11386,2022-07-23,3412,0.62895299547655,0.5785994
11387,2022-07-24,3412,0.6296265550121025,0.58127207
11388,2022-07-25,3412,0.6321253411450823,0.57438093
11389,2022-07-26,3412,0.6342384309412289,0.5760676
11390,2022-07-27,3412,0.635481585641475,0.57837427
11391,2022-07-28,3412,0.6382752364394293,0.58261573
11392,2022-07-29,3412,0.6422905590022927,0.572434
11393,2022-07-30,3412,0.6450243443688196,0.57521856
11394,2022-07-31,3412,0.6465729600533129,0.5770844
11395,2022-08-01,3412,0.6473634497289187,0.5829827
11396,2022-08-02,3412,0.6480658761160522,0.5776212
11397,2022-08-03,3412,0.6477200475978491,0.5777732
11398,2022-08-04,3412,0.64798417988399,0.58081603
11399,2022-08-05,3412,0.6485547065721085,0.5826092
11400,2022-08-06,3412,0.6501362536642973,0.5818442
11401,2022-08-07,3412,0.6526765606296486,0.5777648
11402,2022-08-08,3412,0.6554287513476929,0.57667494
11403,2022-08-09,3412,0.6584657032046273,0.5753947
11404,2022-08-10,3412,0.6608792218588021,0.5790609
11405,2022-08-11,3412,0.6638819898718256,0.5790999
11406,2022-08-12,3412,0.6659264495856593,0.58429253
11407,2022-08-13,3412,0.667776202532279,0.58717906
11408,2022-08-14,3412,0.6678892056894773,0.57726353
11409,2022-08-15,3412,0.6680011615442629,0.5783368
11410,2022-08-16,3412,0.667520710338915,0.58974284
11411,2022-08-17,3412,0.6658425109746655,0.578457
11412,2022-08-18,3412,0.666642103957872,0.5862378
11413,2022-08-19,3412,0.667781431162513,0.58845264
11414,2022-08-20,3412,0.6674541530873592,0.5903354
11415,2022-08-21,3412,0.6669733615402892,0.58371466
11416,2022-08-22,3412,0.665346798164695,0.5782336
11417,2022-08-23,3412,0.6638696809405916,0.57988775
11418,2022-08-24,3412,0.6630434250297765,0.58670783
11419,2022-08-25,3412,0.6635850871202196,0.59145975
11420,2022-08-26,3412,0.6648522796235443,0.5855743
11421,2022-08-27,3412,0.6663429438128325,0.58389354
11422,2022-08-28,3412,0.6657932833939274,0.5853646
11423,2022-08-29,3412,0.6623250059400558,0.5844744
13349,2022-07-01,3413,0.3548691796294307,0.27068734
13350,2022-07-02,3413,0.3525925560205087,0.28122714
13351,2022-07-03,3413,0.3509219395414963,0.2832065
13352,2022-07-04,3413,0.3449361867865868,0.27305683
13353,2022-07-05,3413,0.3406916472263469,0.2759037
13354,2022-07-06,3413,0.33717868437201765,0.27057752
13355,2022-07-07,3413,0.335774032571209,0.2800052
13356,2022-07-08,3413,0.3323608550237641,0.28499186
13357,2022-07-09,3413,0.32841388772329905,0.270944
13358,2022-07-10,3413,0.32440213690054687,0.28284907
13359,2022-07-11,3413,0.3218668235104297,0.29218316
13360,2022-07-12,3413,0.3195314994865003,0.28266948
13361,2022-07-13,3413,0.316508087140959,0.2876143
13362,2022-07-14,3413,0.3180837114297506,0.27108374
13363,2022-07-15,3413,0.319169353955595,0.28172374
13364,2022-07-16,3413,0.31871323073186203,0.28814998
13365,2022-07-17,3413,0.318722900009738,0.28346062
13366,2022-07-18,3413,0.32123177416464754,0.28259403
13367,2022-07-19,3413,0.32404111408305863,0.27365083
13368,2022-07-20,3413,0.32603433298727524,0.27312842
13369,2022-07-21,3413,0.3276929951549623,0.2775655
13370,2022-07-22,3413,0.3291920196669111,0.2815159
13371,2022-07-23,3413,0.33242752246308405,0.2822131
13372,2022-07-24,3413,0.33509652914825533,0.2755512
13373,2022-07-25,3413,0.33645707640146927,0.271937
13374,2022-07-26,3413,0.3405289774158312,0.27782273
13375,2022-07-27,3413,0.34310037125779125,0.27398187
13376,2022-07-28,3413,0.34608135526098266,0.28163677
13377,2022-07-29,3413,0.34749309139650403,0.27100694
13378,2022-07-30,3413,0.3498555978852149,0.28440464
13379,2022-07-31,3413,0.35139789602954036,0.27518404
13380,2022-08-01,3413,0.3544285156170082,0.2817595
13381,2022-08-02,3413,0.35666260890152357,0.28468412
13382,2022-08-03,3413,0.35896393837845003,0.28374252
13383,2022-08-04,3413,0.3642149795383813,0.2780128
13384,2022-08-05,3413,0.36711893668991,0.27201807
13385,2022-08-06,3413,0.37011797047084866,0.28850493
13386,2022-08-07,3413,0.37251696762310693,0.28621286
13387,2022-08-08,3413,0.3782888472417869,0.2805184
13388,2022-08-09,3413,0.3835755845003647,0.29102647
13389,2022-08-10,3413,0.3884413881845723,0.28278673
13390,2022-08-11,3413,0.39275996354098625,0.28867117
13391,2022-08-12,3413,0.39844772144467633,0.2817124
13392,2022-08-13,3413,0.4020012991362476,0.28748006
13393,2022-08-14,3413,0.40370364750253085,0.28488496
13394,2022-08-15,3413,0.40482165934850345,0.28621554
13395,2022-08-16,3413,0.4070083864935041,0.28505555
13396,2022-08-17,3413,0.4093208745582201,0.28425413
13397,2022-08-18,3413,0.40852822431248603,0.28787312
13398,2022-08-19,3413,0.40761819314554726,0.28501248
13399,2022-08-20,3413,0.40761299111646937,0.29532394
13400,2022-08-21,3413,0.40882907669927493,0.29285055
13401,2022-08-22,3413,0.40799578360407784,0.29213917
13402,2022-08-23,3413,0.4075487896891035,0.28375593
13403,2022-08-24,3413,0.40796055185018754,0.29106894
13404,2022-08-25,3413,0.4087409670256322,0.30021632
13405,2022-08-26,3413,0.4080525511251614,0.29147434
13406,2022-08-27,3413,0.40697366098604226,0.28763062
13407,2022-08-28,3413,0.40638148100701593,0.2815866
13408,2022-08-29,3413,0.4060571016168987,0.28562638
15334,2022-07-01,3414,0.4175080171063808,0.33379725
15335,2022-07-02,3414,0.4205531143736806,0.343651
15336,2022-07-03,3414,0.4209419534811909,0.34181452
15337,2022-07-04,3414,0.4214009790087937,0.35723913
15338,2022-07-05,3414,0.4213111125685254,0.34328532
15339,2022-07-06,3414,0.42084230170122583,0.339217
15340,2022-07-07,3414,0.4189621499205546,0.33163488
15341,2022-07-08,3414,0.4180720643013435,0.34581503
15342,2022-07-09,3414,0.4158254955131267,0.3522327
15343,2022-07-10,3414,0.4145942730443582,0.33776665
15344,2022-07-11,3414,0.41421327545077646,0.3464416
15345,2022-07-12,3414,0.4128313485029899,0.34543553
15346,2022-07-13,3414,0.4128244964641855,0.3583049
15347,2022-07-14,3414,0.41242157065710217,0.3406549
15348,2022-07-15,3414,0.4114372224465276,0.35035807
15349,2022-07-16,3414,0.40910090817982675,0.35867894
15350,2022-07-17,3414,0.40656914677845774,0.3486128
15351,2022-07-18,3414,0.4048923613828115,0.34940204
15352,2022-07-19,3414,0.40306091425078144,0.35706335
15353,2022-07-20,3414,0.40273971984292833,0.36045563
15354,2022-07-21,3414,0.40244707169049987,0.3511023
15355,2022-07-22,3414,0.40299614523449695,0.35272753
15356,2022-07-23,3414,0.4023848705819223,0.34916502
15357,2022-07-24,3414,0.4002881904278445,0.34794188
15358,2022-07-25,3414,0.4001735500138877,0.34711775
15359,2022-07-26,3414,0.40248529422712725,0.35499913
15360,2022-07-27,3414,0.4073423007529353,0.35245112
15361,2022-07-28,3414,0.41197023260175414,0.34639645
15362,2022-07-29,3414,0.4173567906553985,0.3517574
15363,2022-07-30,3414,0.4197064047622427,0.35829797
15364,2022-07-31,3414,0.42282612190473445,0.34985656
15365,2022-08-01,3414,0.4248921812075772,0.34967324
15366,2022-08-02,3414,0.42616254143292875,0.33882785
15367,2022-08-03,3414,0.42822191387562325,0.34990296
15368,2022-08-04,3414,0.4300518291343078,0.35209388
15369,2022-08-05,3414,0.4319591822645002,0.3486028
15370,2022-08-06,3414,0.43318077237049374,0.34823877
15371,2022-08-07,3414,0.433162624767818,0.35046345
15372,2022-08-08,3414,0.4318342848553722,0.34582284
15373,2022-08-09,3414,0.43111587194678913,0.34794518
15374,2022-08-10,3414,0.42937976894331153,0.34816787
15375,2022-08-11,3414,0.4296266009456424,0.34248593
15376,2022-08-12,3414,0.4324452156080256,0.3490256
15377,2022-08-13,3414,0.4362762835607793,0.3513894
15378,2022-08-14,3414,0.4391556760952451,0.34832335
15379,2022-08-15,3414,0.443186977848967,0.34381622
15380,2022-08-16,3414,0.4487476587270633,0.34296757
15381,2022-08-17,3414,0.4549882900424917,0.3454609
15382,2022-08-18,3414,0.4620765033375485,0.34143233
15383,2022-08-19,3414,0.4688998727624297,0.33952057
15384,2022-08-20,3414,0.4735282319869059,0.34533572
15385,2022-08-21,3414,0.4761199556196911,0.34088397
15386,2022-08-22,3414,0.47577968600633697,0.35418302
15387,2022-08-23,3414,0.4743793697465333,0.3427863
15388,2022-08-24,3414,0.47310553001975447,0.3423155
15389,2022-08-25,3414,0.4698780007978304,0.33804706
15390,2022-08-26,3414,0.46530172431893446,0.3397596
15391,2022-08-27,3414,0.458768521318628,0.33126017
15392,2022-08-28,3414,0.45118839162799534,0.33678702
15393,2022-08-29,3414,0.44501393655044713,0.3462358
17319,2022-07-01,3415,0.5724004476907,0.49972987
17320,2022-07-02,3415,0.5748535788564911,0.5075483
17321,2022-07-03,3415,0.5754661656534337,0.4999473
17322,2022-07-04,3415,0.5751343663596689,0.49655005
17323,2022-07-05,3415,0.5761655824303616,0.49318063
17324,2022-07-06,3415,0.5750602974365171,0.4926266
17325,2022-07-07,3415,0.5755680868172668,0.49137902
17326,2022-07-08,3415,0.5737123705198568,0.49791718
17327,2022-07-09,3415,0.573273782018897,0.48828933
17328,2022-07-10,3415,0.5716231485814091,0.4916657
17329,2022-07-11,3415,0.5691752678457906,0.49426162
17330,2022-07-12,3415,0.5641879628255422,0.49261355
17331,2022-07-13,3415,0.5598828789102751,0.50401175
17332,2022-07-14,3415,0.5573453233300615,0.48906657
17333,2022-07-15,3415,0.5538466498984509,0.49920407
17334,2022-07-16,3415,0.5520441761072992,0.49400967
17335,2022-07-17,3415,0.5505378361792491,0.49255937
17336,2022-07-18,3415,0.5496861620868507,0.49018523
17337,2022-07-19,3415,0.5485509022081766,0.491615
17338,2022-07-20,3415,0.5454122011471865,0.49740306
17339,2022-07-21,3415,0.5440451403609676,0.4941148
17340,2022-07-22,3415,0.5449662173982398,0.49333072
17341,2022-07-23,3415,0.5470681096300644,0.50552803
17342,2022-07-24,3415,0.5484337764033714,0.49361664
17343,2022-07-25,3415,0.5502849028476692,0.49244997
17344,2022-07-26,3415,0.5510438454023128,0.49695268
17345,2022-07-27,3415,0.5506901535459627,0.49927786
17346,2022-07-28,3415,0.5527657702858401,0.49128872
17347,2022-07-29,3415,0.554740267476087,0.4945745
17348,2022-07-30,3415,0.5585218609432461,0.50511736
17349,2022-07-31,3415,0.5609184247808467,0.49475634
17350,2022-08-01,3415,0.5622546569147374,0.4968754
17351,2022-08-02,3415,0.5611398256459286,0.4938013
17352,2022-08-03,3415,0.5611902595303108,0.4946363
17353,2022-08-04,3415,0.5601066688269205,0.4935713
17354,2022-08-05,3415,0.5601652751367275,0.4924975
17355,2022-08-06,3415,0.5611064840180549,0.4972108
17356,2022-08-07,3415,0.5609414342436996,0.49858224
17357,2022-08-08,3415,0.5606645029140993,0.49195817
17358,2022-08-09,3415,0.5597945796885985,0.4929151
17359,2022-08-10,3415,0.5592522489839233,0.4925401
17360,2022-08-11,3415,0.5599334281546062,0.50599563
17361,2022-08-12,3415,0.5629717676470469,0.49727294
17362,2022-08-13,3415,0.5663229487282244,0.50708747
17363,2022-08-14,3415,0.5695373306082834,0.5071833
17364,2022-08-15,3415,0.5712947470107428,0.49757588
17365,2022-08-16,3415,0.5724387381959224,0.49752414
17366,2022-08-17,3415,0.5716797242466369,0.49836358
17367,2022-08-18,3415,0.5697754171078899,0.5008581
17368,2022-08-19,3415,0.5685223772370634,0.4990181
17369,2022-08-20,3415,0.5681691784147092,0.48968542
17370,2022-08-21,3415,0.5672735670672177,0.49572057
17371,2022-08-22,3415,0.5658095785915545,0.49907732
17372,2022-08-23,3415,0.5619187126342011,0.4988994
17373,2022-08-24,3415,0.5583105752509089,0.49938506
17374,2022-08-25,3415,0.5541090338075663,0.5020037
17375,2022-08-26,3415,0.5519512727634213,0.5066642
17376,2022-08-27,3415,0.5501800037767464,0.50123096
17377,2022-08-28,3415,0.5485679767085181,0.49707913
17378,2022-08-29,3415,0.5464237567405925,0.4934357
19304,2022-07-01,3416,0.5372715610355302,0.46807814
19305,2022-07-02,3416,0.5447958473905731,0.46004474
19306,2022-07-03,3416,0.5514785794421222,0.46551418
19307,2022-07-04,3416,0.5566175667203093,0.46123412
19308,2022-07-05,3416,0.5603365664132989,0.46547678
19309,2022-07-06,3416,0.5621103418463305,0.4622304
19310,2022-07-07,3416,0.5608754004618967,0.47254658
19311,2022-07-08,3416,0.5604462953216885,0.46661592
19312,2022-07-09,3416,0.5599767859977942,0.46026242
19313,2022-07-10,3416,0.5602492196078084,0.4602549
19314,2022-07-11,3416,0.5611664225290566,0.4627509
19315,2022-07-12,3416,0.5622992917717036,0.4692099
19316,2022-07-13,3416,0.5637954657575948,0.4642654
19317,2022-07-14,3416,0.5648067168132462,0.46764573
19318,2022-07-15,3416,0.5653121130258709,0.4631674
19319,2022-07-16,3416,0.5663652102010239,0.46653605
19320,2022-07-17,3416,0.5692918515520105,0.4668328
19321,2022-07-18,3416,0.57087249552641,0.4668218
19322,2022-07-19,3416,0.5708060393966428,0.47383028
19323,2022-07-20,3416,0.5694319756403009,0.4666546
19324,2022-07-21,3416,0.5663701177823608,0.47579262
19325,2022-07-22,3416,0.562577179387383,0.474876
19326,2022-07-23,3416,0.5576547795055609,0.4676321
19327,2022-07-24,3416,0.5531072344712007,0.46503234
19328,2022-07-25,3416,0.5480821945361425,0.46562457
19329,2022-07-26,3416,0.5427072581834402,0.45727226
19330,2022-07-27,3416,0.5366359570148951,0.46131983
19331,2022-07-28,3416,0.5312079698623131,0.46900976
19332,2022-07-29,3416,0.5261950573122662,0.4555375
19333,2022-07-30,3416,0.521462490252232,0.4569518
19334,2022-07-31,3416,0.5163684659532704,0.45300788
19335,2022-08-01,3416,0.5106350271427946,0.4653174
19336,2022-08-02,3416,0.5072008774766046,0.45678264
19337,2022-08-03,3416,0.5060716901905526,0.46577677
19338,2022-08-04,3416,0.5049199109922857,0.45765704
19339,2022-08-05,3416,0.5046443844359402,0.4598717
19340,2022-08-06,3416,0.5044130042934174,0.46105158
19341,2022-08-07,3416,0.50541864826473,0.45019647
19342,2022-08-08,3416,0.5065659647032682,0.4575385
19343,2022-08-09,3416,0.5085950072544644,0.45595598
19344,2022-08-10,3416,0.511229113760171,0.46482396
19345,2022-08-11,3416,0.5140436705242761,0.45038474
19346,2022-08-12,3416,0.5158562149078699,0.45628905
19347,2022-08-13,3416,0.5147824985217256,0.46844715
19348,2022-08-14,3416,0.5159015176252361,0.45441845
19349,2022-08-15,3416,0.5162478002951341,0.466674
19350,2022-08-16,3416,0.517046572101387,0.45481294
19351,2022-08-17,3416,0.5168124366759802,0.4511611
19352,2022-08-18,3416,0.5169001704404919,0.45209092
19353,2022-08-19,3416,0.516534577223304,0.45771235
19354,2022-08-20,3416,0.5173078302870394,0.45709264
19355,2022-08-21,3416,0.5187408969125477,0.45658338
19356,2022-08-22,3416,0.5210272441819077,0.45623285
19357,2022-08-23,3416,0.525890797190184,0.46234342
19358,2022-08-24,3416,0.5289072717115328,0.4670871
19359,2022-08-25,3416,0.5329273879725784,0.466488
19360,2022-08-26,3416,0.536122071783329,0.456585
19361,2022-08-27,3416,0.5396120088495022,0.4617579
19362,2022-08-28,3416,0.5427860846234889,0.46528992
19363,2022-08-29,3416,0.5469329036924957,0.4543961
21289,2022-07-01,3418,0.5373987903940499,0.42650926
21290,2022-07-02,3418,0.5333146236725728,0.41459125
21291,2022-07-03,3418,0.5318948832141964,0.4259382
21292,2022-07-04,3418,0.5309745765739199,0.4265877
21293,2022-07-05,3418,0.530790107658137,0.4284035
21294,2022-07-06,3418,0.5322581746888534,0.41773087
21295,2022-07-07,3418,0.5330417405611791,0.41634482
21296,2022-07-08,3418,0.5317333536741919,0.41286218
21297,2022-07-09,3418,0.5321450692777429,0.41604918
21298,2022-07-10,3418,0.532601708513085,0.4183104
21299,2022-07-11,3418,0.533738221832732,0.41745806
21300,2022-07-12,3418,0.5369700228051324,0.4182011
21301,2022-07-13,3418,0.5427516892236738,0.42111275
21302,2022-07-14,3418,0.5471377223835537,0.41793418
21303,2022-07-15,3418,0.5508632545223876,0.43086442
21304,2022-07-16,3418,0.552244237366396,0.41730022
21305,2022-07-17,3418,0.5542336582569599,0.42377314
21306,2022-07-18,3418,0.5581029893328942,0.41599548
21307,2022-07-19,3418,0.5622183485463944,0.42167062
21308,2022-07-20,3418,0.5645177768831187,0.42183685
21309,2022-07-21,3418,0.5672018931387328,0.42377487
21310,2022-07-22,3418,0.5675472425442114,0.4178116
21311,2022-07-23,3418,0.565646440283025,0.42300612
21312,2022-07-24,3418,0.5640408632201839,0.41735247
21313,2022-07-25,3418,0.5625474236033007,0.42871577
21314,2022-07-26,3418,0.562801841523249,0.41150904
21315,2022-07-27,3418,0.5620642508681407,0.41974655
21316,2022-07-28,3418,0.5612611807966112,0.41599667
21317,2022-07-29,3418,0.5602114501088253,0.41396672
21318,2022-07-30,3418,0.5627708041566419,0.42187724
21319,2022-07-31,3418,0.564477365556902,0.41367704
21320,2022-08-01,3418,0.5685247181370943,0.42098206
21321,2022-08-02,3418,0.574491500285386,0.42214
21322,2022-08-03,3418,0.5805687665851856,0.42013878
21323,2022-08-04,3418,0.5851784415112409,0.4145562
21324,2022-08-05,3418,0.5884872454582728,0.41481876
21325,2022-08-06,3418,0.5926555672998142,0.4151085
21326,2022-08-07,3418,0.5970354876176234,0.41657192
21327,2022-08-08,3418,0.6017687356719619,0.42495152
21328,2022-08-09,3418,0.6047645239066416,0.41560805
21329,2022-08-10,3418,0.607144855249257,0.41943553
21330,2022-08-11,3418,0.6099618890293639,0.41741398
21331,2022-08-12,3418,0.6097215279959839,0.42858595
21332,2022-08-13,3418,0.6096156143506931,0.4203012
21333,2022-08-14,3418,0.6117631842822175,0.41392726
21334,2022-08-15,3418,0.6131077816957491,0.41642332
21335,2022-08-16,3418,0.6136113414676934,0.41343898
21336,2022-08-17,3418,0.6141540779987831,0.42329735
21337,2022-08-18,3418,0.614677095750465,0.41722566
21338,2022-08-19,3418,0.6162230836440108,0.41290683
21339,2022-08-20,3418,0.6180781441337387,0.4138866
21340,2022-08-21,3418,0.6189389192579622,0.41943744
21341,2022-08-22,3418,0.6209709389048236,0.415349
21342,2022-08-23,3418,0.622913038265801,0.41777414
21343,2022-08-24,3418,0.6239916124238744,0.4222859
21344,2022-08-25,3418,0.6253389949406325,0.41673684
21345,2022-08-26,3418,0.6262616751275905,0.42172474
21346,2022-08-27,3418,0.6263904778851795,0.41582382
21347,2022-08-28,3418,0.6269627959356534,0.41797233
21348,2022-08-29,3418,0.6254854547447884,0.41201428
23274,2022-07-01,3419,0.600994613187243,0.49554974
23275,2022-07-02,3419,0.6053148401601021,0.49819207
23276,2022-07-03,3419,0.6122785556907275,0.49579492
23277,2022-07-04,3419,0.6172934270808279,0.5071861
23278,2022-07-05,3419,0.6210835240081438,0.4977635
23279,2022-07-06,3419,0.6230378663963395,0.49285114
23280,2022-07-07,3419,0.6246211089800254,0.49394822
23281,2022-07-08,3419,0.6245757714811822,0.49289006
23282,2022-07-09,3419,0.6240831238218629,0.49351996
23283,2022-07-10,3419,0.6224549340915361,0.50840807
23284,2022-07-11,3419,0.6203827033782255,0.4968982
23285,2022-07-12,3419,0.6185080734319409,0.49649644
23286,2022-07-13,3419,0.6141005970536979,0.5032335
23287,2022-07-14,3419,0.6097564316116055,0.4988714
23288,2022-07-15,3419,0.6054600922682728,0.49623936
23289,2022-07-16,3419,0.6016065890130771,0.5035124
23290,2022-07-17,3419,0.5974401002757175,0.50202954
23291,2022-07-18,3419,0.5946607317660421,0.50348115
23292,2022-07-19,3419,0.5913249382141514,0.49630985
23293,2022-07-20,3419,0.5878750617197783,0.5006996
23294,2022-07-21,3419,0.585296038047581,0.49649608
23295,2022-07-22,3419,0.5818435775791189,0.5042076
23296,2022-07-23,3419,0.5782146185576977,0.4938572
23297,2022-07-24,3419,0.5751482288196801,0.4938115
23298,2022-07-25,3419,0.5729618192492922,0.49503016
23299,2022-07-26,3419,0.5696731086752866,0.49832654
23300,2022-07-27,3419,0.5671640181573215,0.4952286
23301,2022-07-28,3419,0.5642273590444309,0.49706432
23302,2022-07-29,3419,0.5617684732657475,0.49492678
23303,2022-07-30,3419,0.560697190275028,0.4954515
23304,2022-07-31,3419,0.5580824235751854,0.5064468
23305,2022-08-01,3419,0.5549874528193418,0.4950562
23306,2022-08-02,3419,0.5523430475920665,0.49266395
23307,2022-08-03,3419,0.5480187998678472,0.49883437
23308,2022-08-04,3419,0.5446944035553802,0.49945813
23309,2022-08-05,3419,0.5427097292079246,0.49630702
23310,2022-08-06,3419,0.5421417328566761,0.50067437
23311,2022-08-07,3419,0.5419798293213074,0.50039864
23312,2022-08-08,3419,0.5425764975362724,0.49683028
23313,2022-08-09,3419,0.5429488147187709,0.49224782
23314,2022-08-10,3419,0.5435092288210578,0.50534767
23315,2022-08-11,3419,0.544653327665699,0.51234615
23316,2022-08-12,3419,0.5460187977194612,0.504002
23317,2022-08-13,3419,0.5489321754846369,0.5015666
23318,2022-08-14,3419,0.5518399953827136,0.50423133
23319,2022-08-15,3419,0.5544812464709387,0.49870422
23320,2022-08-16,3419,0.5568861694993503,0.5010936
23321,2022-08-17,3419,0.5605797917331117,0.49704784
23322,2022-08-18,3419,0.563748187488543,0.5013883
23323,2022-08-19,3419,0.5676724314183136,0.49822313
23324,2022-08-20,3419,0.5738196048377928,0.5009655
23325,2022-08-21,3419,0.5798635321019414,0.5057031
23326,2022-08-22,3419,0.5855312425657612,0.5057951
23327,2022-08-23,3419,0.5912181553968832,0.5065049
23328,2022-08-24,3419,0.5958292354801397,0.50167525
23329,2022-08-25,3419,0.5996629868215788,0.5044338
23330,2022-08-26,3419,0.6033040161524863,0.50205743
23331,2022-08-27,3419,0.6043995805343473,0.5090446
23332,2022-08-28,3419,0.6057169381917147,0.5041026
23333,2022-08-29,3419,0.6078355369578552,0.50280315
25259,2022-07-01,3420,0.7059962946441363,0.58973
25260,2022-07-02,3420,0.709986596234026,0.5983174
25261,2022-07-03,3420,0.7139051151688182,0.59179866
25262,2022-07-04,3420,0.7169600217802734,0.5903487
25263,2022-07-05,3420,0.7201514836512606,0.5998025
25264,2022-07-06,3420,0.7242132309786601,0.5934565
25265,2022-07-07,3420,0.7296295709015114,0.59559655
25266,2022-07-08,3420,0.7355024834530738,0.60171515
25267,2022-07-09,3420,0.739623994989554,0.60738313
25268,2022-07-10,3420,0.7436868210631956,0.59288085
25269,2022-07-11,3420,0.7472576866987457,0.59695745
25270,2022-07-12,3420,0.7501431813520298,0.5916765
25271,2022-07-13,3420,0.751505155580371,0.5997372
25272,2022-07-14,3420,0.7528692043331565,0.5980292
25273,2022-07-15,3420,0.7550282753822126,0.593967
25274,2022-07-16,3420,0.7554922103638575,0.5951709
25275,2022-07-17,3420,0.756111102691464,0.58998954
25276,2022-07-18,3420,0.7552657307551855,0.5980975
25277,2022-07-19,3420,0.754341380149923,0.58858114
25278,2022-07-20,3420,0.7540925029950895,0.5894848
25279,2022-07-21,3420,0.7546806773023113,0.5932637
25280,2022-07-22,3420,0.754369785026721,0.5871726
25281,2022-07-23,3420,0.7547633630729585,0.595001
25282,2022-07-24,3420,0.7536122774846851,0.593941
25283,2022-07-25,3420,0.7525946994778703,0.58886427
25284,2022-07-26,3420,0.7540186546841037,0.59097475
25285,2022-07-27,3420,0.7545049524904865,0.58796334
25286,2022-07-28,3420,0.7566912727838591,0.5886897
25287,2022-07-29,3420,0.7595586266787742,0.5956111
25288,2022-07-30,3420,0.7609966902254051,0.58872426
25289,2022-07-31,3420,0.7613615383863273,0.5867166
25290,2022-08-01,3420,0.7633367659028585,0.5934108
25291,2022-08-02,3420,0.7656763678882301,0.5910022
25292,2022-08-03,3420,0.7692252695865409,0.5906426
25293,2022-08-04,3420,0.7717568576852253,0.5914251
25294,2022-08-05,3420,0.7744396472011127,0.598009
25295,2022-08-06,3420,0.7767062931002868,0.588951
25296,2022-08-07,3420,0.7776158381232288,0.58914745
25297,2022-08-08,3420,0.7766745135990828,0.5923183
25298,2022-08-09,3420,0.7759743152624049,0.5938135
25299,2022-08-10,3420,0.7760817844642088,0.5909235
25300,2022-08-11,3420,0.775154644108823,0.59201133
25301,2022-08-12,3420,0.7732878997041219,0.59257597
25302,2022-08-13,3420,0.7699280900595559,0.59157985
25303,2022-08-14,3420,0.767004311482425,0.59164906
25304,2022-08-15,3420,0.7629549710659511,0.5904825
25305,2022-08-16,3420,0.7597565191480496,0.5883346
25306,2022-08-17,3420,0.7552220368649637,0.59058416
25307,2022-08-18,3420,0.7529539855461788,0.58687276
25308,2022-08-19,3420,0.7507242104583747,0.5944402
25309,2022-08-20,3420,0.7472869800825176,0.5939417
25310,2022-08-21,3420,0.7439155127261479,0.59645927
25311,2022-08-22,3420,0.7421019453660413,0.59210765
25312,2022-08-23,3420,0.7415744891821531,0.5994949
25313,2022-08-24,3420,0.7417977109159353,0.5954493
25314,2022-08-25,3420,0.740617454871878,0.6033652
25315,2022-08-26,3420,0.7387009841645009,0.5909759
25316,2022-08-27,3420,0.7382139681253534,0.5987593
25317,2022-08-28,3420,0.7359596025891934,0.5955171
25318,2022-08-29,3420,0.7325463929816033,0.608459
27244,2022-07-01,3421,0.6319566499883382,0.4653519
27245,2022-07-02,3421,0.6340074661531336,0.4554566
27246,2022-07-03,3421,0.6366451317471292,0.46537575
27247,2022-07-04,3421,0.6393017803551964,0.46698081
27248,2022-07-05,3421,0.6404347556080235,0.47464812
27249,2022-07-06,3421,0.6385951618221458,0.47454625
27250,2022-07-07,3421,0.6363635992143994,0.4740998
27251,2022-07-08,3421,0.6351560017200628,0.46891743
27252,2022-07-09,3421,0.634595997540149,0.4750216
27253,2022-07-10,3421,0.6344083876050746,0.46537188
27254,2022-07-11,3421,0.6354113018283848,0.4632179
27255,2022-07-12,3421,0.6372114078939225,0.47253215
27256,2022-07-13,3421,0.636665393635839,0.47224957
27257,2022-07-14,3421,0.6358002160319395,0.46562588
27258,2022-07-15,3421,0.6344759002388436,0.47985074
27259,2022-07-16,3421,0.6328030066458294,0.46712953
27260,2022-07-17,3421,0.6313387489053953,0.47907826
27261,2022-07-18,3421,0.6295948919834821,0.47183937
27262,2022-07-19,3421,0.6258314389865685,0.47686735
27263,2022-07-20,3421,0.6202162767130188,0.4822102
27264,2022-07-21,3421,0.6130883469052837,0.47513944
27265,2022-07-22,3421,0.6053141031395974,0.4789381
27266,2022-07-23,3421,0.6014854571362012,0.4760748
27267,2022-07-24,3421,0.5985568373469257,0.48756847
27268,2022-07-25,3421,0.5967503857373347,0.4786287
27269,2022-07-26,3421,0.5957613829950147,0.4794594
27270,2022-07-27,3421,0.5934872856150889,0.47597125
27271,2022-07-28,3421,0.5891654149474524,0.47978687
27272,2022-07-29,3421,0.586051101809069,0.4906599
27273,2022-07-30,3421,0.5860395914918953,0.47435963
27274,2022-07-31,3421,0.587945166618993,0.47363418
27275,2022-08-01,3421,0.5902204515914015,0.4805894
27276,2022-08-02,3421,0.5905651862510126,0.4790557
27277,2022-08-03,3421,0.5896403623230684,0.47156638
27278,2022-08-04,3421,0.5889656197776265,0.48090398
27279,2022-08-05,3421,0.5896584527061431,0.4766798
27280,2022-08-06,3421,0.5921825204302589,0.47323823
27281,2022-08-07,3421,0.5959599122651703,0.4727518
27282,2022-08-08,3421,0.5989036333647446,0.47115743
27283,2022-08-09,3421,0.6013916317410385,0.47543204
27284,2022-08-10,3421,0.6026228036852996,0.47605932
27285,2022-08-11,3421,0.602931518914425,0.47839665
27286,2022-08-12,3421,0.6038737520220266,0.4836617
27287,2022-08-13,3421,0.6073482418949719,0.4755255
27288,2022-08-14,3421,0.6093516108149195,0.477064
27289,2022-08-15,3421,0.6111367386728712,0.4735911
27290,2022-08-16,3421,0.6138739911130261,0.48958835
27291,2022-08-17,3421,0.6170147450415591,0.47723758
27292,2022-08-18,3421,0.6199919626619499,0.47774303
27293,2022-08-19,3421,0.6236651347273181,0.4729647
27294,2022-08-20,3421,0.6286823406445754,0.47467405
27295,2022-08-21,3421,0.6347176550795878,0.4819285
27296,2022-08-22,3421,0.6380515276817947,0.48680145
27297,2022-08-23,3421,0.6385189066779298,0.4849253
27298,2022-08-24,3421,0.6374656217293768,0.47558194
27299,2022-08-25,3421,0.6357468952399997,0.48631537
27300,2022-08-26,3421,0.631677919106475,0.46898115
27301,2022-08-27,3421,0.627476453269664,0.47848493
27302,2022-08-28,3421,0.6248031654098326,0.47338337
27303,2022-08-29,3421,0.6192177729546566,0.46968699
29229,2022-07-01,3422,0.5611575545084369,0.38237545
29230,2022-07-02,3422,0.5590374836218905,0.37948054
29231,2022-07-03,3422,0.5574913687281031,0.3740108
29232,2022-07-04,3422,0.5563141311044506,0.38213974
29233,2022-07-05,3422,0.5545435886105275,0.37725756
29234,2022-07-06,3422,0.5561677402107635,0.37470537
29235,2022-07-07,3422,0.5568810678176815,0.38674915
29236,2022-07-08,3422,0.555796010663684,0.38433534
29237,2022-07-09,3422,0.5541046286786748,0.38051844
29238,2022-07-10,3422,0.5519553835361255,0.3781296
29239,2022-07-11,3422,0.5504945213274012,0.38424715
29240,2022-07-12,3422,0.5493530489693405,0.38195476
29241,2022-07-13,3422,0.5477137127116615,0.38864422
29242,2022-07-14,3422,0.5446280540894831,0.3824561
29243,2022-07-15,3422,0.5417312292996407,0.3826965
29244,2022-07-16,3422,0.5362632393774268,0.38405997
29245,2022-07-17,3422,0.5306213702244146,0.37953812
29246,2022-07-18,3422,0.5256514201065464,0.38449842
29247,2022-07-19,3422,0.5210677671166477,0.39509052
29248,2022-07-20,3422,0.5173466229385977,0.37860742
29249,2022-07-21,3422,0.5142255819989562,0.37671334
29250,2022-07-22,3422,0.51099307157969,0.37544835
29251,2022-07-23,3422,0.5091647127396094,0.3789189
29252,2022-07-24,3422,0.509264164508905,0.3839345
29253,2022-07-25,3422,0.5101872098659548,0.38272792
29254,2022-07-26,3422,0.5127819438010615,0.37863648
29255,2022-07-27,3422,0.5161369155889198,0.38684085
29256,2022-07-28,3422,0.5187855705528494,0.380681
29257,2022-07-29,3422,0.5230584884055034,0.38112676
29258,2022-07-30,3422,0.5290327547368256,0.3778666
29259,2022-07-31,3422,0.535077164833792,0.37291977
29260,2022-08-01,3422,0.5414277581932814,0.37777632
29261,2022-08-02,3422,0.5469036743707648,0.38356638
29262,2022-08-03,3422,0.5504817281055467,0.38828057
29263,2022-08-04,3422,0.5542528514860063,0.38648722
29264,2022-08-05,3422,0.5564305514736809,0.37985012
29265,2022-08-06,3422,0.5546981583110295,0.3870441
29266,2022-08-07,3422,0.5536667584918163,0.3777517
29267,2022-08-08,3422,0.5517736167890983,0.38065606
29268,2022-08-09,3422,0.549045131867558,0.37945667
29269,2022-08-10,3422,0.5460699639819394,0.38595408
29270,2022-08-11,3422,0.5420301982237794,0.38765582
29271,2022-08-12,3422,0.5370742030383175,0.3811134
29272,2022-08-13,3422,0.532114770713941,0.38830656
29273,2022-08-14,3422,0.5265391180103645,0.38144135
29274,2022-08-15,3422,0.52182599998933,0.3859977
29275,2022-08-16,3422,0.5203667161653939,0.38860488
29276,2022-08-17,3422,0.5198267764880657,0.3776539
29277,2022-08-18,3422,0.5170379200215713,0.3825057
29278,2022-08-19,3422,0.515031180501658,0.3792798
29279,2022-08-20,3422,0.5135718143788218,0.38928014
29280,2022-08-21,3422,0.5136192273966803,0.37934765
29281,2022-08-22,3422,0.5155507486606932,0.37872383
29282,2022-08-23,3422,0.5186708832722163,0.37800878
29283,2022-08-24,3422,0.5207884597755694,0.3827446
29284,2022-08-25,3422,0.5238662913642606,0.38476297
29285,2022-08-26,3422,0.52711805754148,0.3812483
29286,2022-08-27,3422,0.5297316188088007,0.38016307
29287,2022-08-28,3422,0.5349519108766995,0.38363934
29288,2022-08-29,3422,0.5379203300012815,0.3887607
31214,2022-07-01,3423,0.45065789551387014,0.4206372
31215,2022-07-02,3423,0.4496713957803637,0.42412156
31216,2022-07-03,3423,0.4469476298031017,0.42193425
31217,2022-07-04,3423,0.44505404147502026,0.41947398
31218,2022-07-05,3423,0.443490691086524,0.41868293
31219,2022-07-06,3423,0.4440573308144846,0.4188499
31220,2022-07-07,3423,0.4441700437829378,0.42444462
31221,2022-07-08,3423,0.44230730005085395,0.4232806
31222,2022-07-09,3423,0.4421952137740693,0.4178059
31223,2022-07-10,3423,0.44271199510591563,0.41537762
31224,2022-07-11,3423,0.4428636678176864,0.41875866
31225,2022-07-12,3423,0.4432520672119592,0.42248243
31226,2022-07-13,3423,0.4446807250746965,0.42268586
31227,2022-07-14,3423,0.4461198118079828,0.41810432
31228,2022-07-15,3423,0.4488237259729887,0.43085384
31229,2022-07-16,3423,0.4489868367913239,0.41596156
31230,2022-07-17,3423,0.45000004761081713,0.42212567
31231,2022-07-18,3423,0.4524257315144654,0.41646314
31232,2022-07-19,3423,0.45400390712199934,0.41829532
31233,2022-07-20,3423,0.4569853267808745,0.42387056
31234,2022-07-21,3423,0.46163195066412477,0.42245847
31235,2022-07-22,3423,0.4654017436149965,0.42708656
31236,2022-07-23,3423,0.46856240620498263,0.42774132
31237,2022-07-24,3423,0.470319321988661,0.43232188
31238,2022-07-25,3423,0.4712143154341722,0.42921686
31239,2022-07-26,3423,0.47242039565462157,0.42871347
31240,2022-07-27,3423,0.47382124532401065,0.4199401
31241,2022-07-28,3423,0.4738434369794768,0.43501446
31242,2022-07-29,3423,0.47351713458280653,0.42159885
31243,2022-07-30,3423,0.4735179053723563,0.42659092
31244,2022-07-31,3423,0.4739142974594991,0.42133835
31245,2022-08-01,3423,0.47628700442195687,0.4225814
31246,2022-08-02,3423,0.4784096381808102,0.42193663
31247,2022-08-03,3423,0.48245102414731883,0.41721642
31248,2022-08-04,3423,0.48515030964924205,0.4223054
31249,2022-08-05,3423,0.488850618265437,0.42417285
31250,2022-08-06,3423,0.49145060814518365,0.42639345
31251,2022-08-07,3423,0.4923638153632811,0.42439637
31252,2022-08-08,3423,0.49342522489230145,0.4269048
31253,2022-08-09,3423,0.4925073285928832,0.4222467
31254,2022-08-10,3423,0.49140909672792266,0.4247697
31255,2022-08-11,3423,0.489115785708519,0.4268834
31256,2022-08-12,3423,0.48729255420503625,0.43465647
31257,2022-08-13,3423,0.4850035925014211,0.4302349
31258,2022-08-14,3423,0.4830527565440292,0.42786407
31259,2022-08-15,3423,0.4806917827336206,0.42591023
31260,2022-08-16,3423,0.4778519637344834,0.4266718
31261,2022-08-17,3423,0.4762600955860125,0.4269024
31262,2022-08-18,3423,0.4756574684737605,0.42261297
31263,2022-08-19,3423,0.4762229866287237,0.4366754
31264,2022-08-20,3423,0.47612952677554415,0.43043792
31265,2022-08-21,3423,0.4770783937625448,0.4249981
31266,2022-08-22,3423,0.478484693127103,0.42572293
31267,2022-08-23,3423,0.4788459138406048,0.43427148
31268,2022-08-24,3423,0.4793729970879411,0.42318457
31269,2022-08-25,3423,0.4803894887630647,0.42057097
31270,2022-08-26,3423,0.4815916452229576,0.42728373
31271,2022-08-27,3423,0.481955429022123,0.4395318
31272,2022-08-28,3423,0.48265034663396544,0.4329468
31273,2022-08-29,3423,0.48242641618334164,0.42955434
33199,2022-07-01,3424,0.6449524682023201,0.5480929
33200,2022-07-02,3424,0.6413574006727242,0.5492632
33201,2022-07-03,3424,0.6398949453680531,0.5585427
33202,2022-07-04,3424,0.6400299661575113,0.55121005
33203,2022-07-05,3424,0.6401691681417423,0.561448
33204,2022-07-06,3424,0.6417554404333983,0.5549332
33205,2022-07-07,3424,0.6443469353119706,0.557745
33206,2022-07-08,3424,0.64610226932321,0.5546062
33207,2022-07-09,3424,0.6480697597103442,0.565417
33208,2022-07-10,3424,0.6496680761147235,0.5600273
33209,2022-07-11,3424,0.6494014114440778,0.5614849
33210,2022-07-12,3424,0.6490433548349711,0.5531708
33211,2022-07-13,3424,0.649128367015046,0.5539604
33212,2022-07-14,3424,0.651059911761854,0.55419016
33213,2022-07-15,3424,0.6522524589947929,0.5602642
33214,2022-07-16,3424,0.6536045147134282,0.55589664
33215,2022-07-17,3424,0.6560262891118342,0.55976856
33216,2022-07-18,3424,0.659621497656343,0.5633247
33217,2022-07-19,3424,0.6625080754144343,0.5574354
33218,2022-07-20,3424,0.6675847600608381,0.5610747
33219,2022-07-21,3424,0.6737852323697939,0.5581991
33220,2022-07-22,3424,0.679006437333526,0.56044483
33221,2022-07-23,3424,0.6828948723840779,0.5589242
33222,2022-07-24,3424,0.685766599606393,0.5667692
33223,2022-07-25,3424,0.6884049959779069,0.56589675
33224,2022-07-26,3424,0.6878756708295726,0.5658019
33225,2022-07-27,3424,0.6857647466378013,0.5691362
33226,2022-07-28,3424,0.6838101136079092,0.55943936
33227,2022-07-29,3424,0.681810067008944,0.55979174
33228,2022-07-30,3424,0.6778727479027287,0.56405187
33229,2022-07-31,3424,0.6757223871324373,0.56732345
33230,2022-08-01,3424,0.6748633230002804,0.573289
33231,2022-08-02,3424,0.6739148968276693,0.5640503
33232,2022-08-03,3424,0.6718347527281207,0.56273896
33233,2022-08-04,3424,0.6707536481491481,0.56398255
33234,2022-08-05,3424,0.6698930861956155,0.56409734
33235,2022-08-06,3424,0.669980769631025,0.56156975
33236,2022-08-07,3424,0.6700250699551882,0.56189567
33237,2022-08-08,3424,0.6715091683051747,0.5674768
33238,2022-08-09,3424,0.6750046157650008,0.56438136
33239,2022-08-10,3424,0.678016348858229,0.56404513
33240,2022-08-11,3424,0.6814572459966042,0.5647295
33241,2022-08-12,3424,0.6837206997507129,0.5630404
33242,2022-08-13,3424,0.6869018702776264,0.5677272
33243,2022-08-14,3424,0.6879970689670883,0.5731774
33244,2022-08-15,3424,0.6911673439755653,0.5696024
33245,2022-08-16,3424,0.692447177091944,0.5710761
33246,2022-08-17,3424,0.6939153106646573,0.56755066
33247,2022-08-18,3424,0.6948177323326842,0.57178
33248,2022-08-19,3424,0.6938824137463425,0.57055175
33249,2022-08-20,3424,0.6932368552453981,0.5706815
33250,2022-08-21,3424,0.6919281883964481,0.5719802
33251,2022-08-22,3424,0.6923014328526992,0.5677744
33252,2022-08-23,3424,0.6921217383772418,0.5659177
33253,2022-08-24,3424,0.692882135011892,0.57007337
33254,2022-08-25,3424,0.6951546992423842,0.5797382
33255,2022-08-26,3424,0.7001057531952652,0.57128084
33256,2022-08-27,3424,0.7061028825487143,0.5810627
33257,2022-08-28,3424,0.7120546549337521,0.57037854
33258,2022-08-29,3424,0.7186579808576784,0.56904596
35184,2022-07-01,3425,0.5394954186130287,0.45292035
35185,2022-07-02,3425,0.5351003649681215,0.45161748
35186,2022-07-03,3425,0.5319900874635628,0.44705763
35187,2022-07-04,3425,0.5287443169987663,0.45038554
35188,2022-07-05,3425,0.5245149953666812,0.44523603
35189,2022-07-06,3425,0.5223205338927641,0.46393532
35190,2022-07-07,3425,0.5222524367393004,0.4521892
35191,2022-07-08,3425,0.5226787469307959,0.44939297
35192,2022-07-09,3425,0.5251137226423763,0.4525582
35193,2022-07-10,3425,0.5261388580067043,0.44977784
35194,2022-07-11,3425,0.5295859133658662,0.45717585
35195,2022-07-12,3425,0.5345053224314327,0.46043903
35196,2022-07-13,3425,0.538198081489262,0.45119137
35197,2022-07-14,3425,0.5411632840527655,0.455472
35198,2022-07-15,3425,0.544845961632869,0.45708376
35199,2022-07-16,3425,0.5472785521539392,0.46248782
35200,2022-07-17,3425,0.5476674791184328,0.45880374
35201,2022-07-18,3425,0.5478976085495117,0.4600625
35202,2022-07-19,3425,0.5467129570314265,0.45450735
35203,2022-07-20,3425,0.5470920532959962,0.45650876
35204,2022-07-21,3425,0.5455740915178129,0.45003575
35205,2022-07-22,3425,0.5421991110656802,0.4545853
35206,2022-07-23,3425,0.5388685471389657,0.46272367
35207,2022-07-24,3425,0.5373586449469174,0.44987673
35208,2022-07-25,3425,0.5362687839945622,0.45414
35209,2022-07-26,3425,0.5358852402441452,0.45373037
35210,2022-07-27,3425,0.5395753063933414,0.45521626
35211,2022-07-28,3425,0.543719738306077,0.46260864
35212,2022-07-29,3425,0.5480888388983034,0.45250916
35213,2022-07-30,3425,0.5527018410503846,0.45674068
35214,2022-07-31,3425,0.5565157577893957,0.45649707
35215,2022-08-01,3425,0.5632674407029822,0.47061515
35216,2022-08-02,3425,0.5724691582912063,0.4574023
35217,2022-08-03,3425,0.5792869923865512,0.46527117
35218,2022-08-04,3425,0.5854445858464308,0.46320945
35219,2022-08-05,3425,0.5904747973214478,0.45833123
35220,2022-08-06,3425,0.5914183360149197,0.45678782
35221,2022-08-07,3425,0.5920948729544033,0.4612059
35222,2022-08-08,3425,0.5928852175375426,0.4566465
35223,2022-08-09,3425,0.5936016603219639,0.4599039
35224,2022-08-10,3425,0.5941833516649073,0.4712144
35225,2022-08-11,3425,0.5927689047026716,0.4605466
35226,2022-08-12,3425,0.5883717162346493,0.46068412
35227,2022-08-13,3425,0.5856768799347595,0.45536774
35228,2022-08-14,3425,0.5825896581068275,0.46547318
35229,2022-08-15,3425,0.5819231447187362,0.45397794
35230,2022-08-16,3425,0.5842628944584314,0.4575711
35231,2022-08-17,3425,0.587989082614372,0.45668167
35232,2022-08-18,3425,0.5914095028680648,0.4587956
35233,2022-08-19,3425,0.5952824514490888,0.46536815
35234,2022-08-20,3425,0.6001055145351625,0.4608726
35235,2022-08-21,3425,0.6060983035030396,0.4569058
35236,2022-08-22,3425,0.6150178081955425,0.4606549
35237,2022-08-23,3425,0.6245138270986759,0.46422917
35238,2022-08-24,3425,0.6352700107725805,0.45588967
35239,2022-08-25,3425,0.6442770294885543,0.46283895
35240,2022-08-26,3425,0.652546995855241,0.4586054
35241,2022-08-27,3425,0.6575931913836925,0.46112782
35242,2022-08-28,3425,0.6631198639839888,0.46316487
35243,2022-08-29,3425,0.6671353387861741,0.46517044
37169,2022-07-01,144969,0.4302977951137653,0.36555624
37170,2022-07-02,144969,0.427419084332943,0.35435563
37171,2022-07-03,144969,0.42252219469872554,0.3601051
37172,2022-07-04,144969,0.41897847938649724,0.35230187
37173,2022-07-05,144969,0.41544058935471184,0.35312995
37174,2022-07-06,144969,0.41187018475875536,0.35585147
37175,2022-07-07,144969,0.40902490452672813,0.360318
37176,2022-07-08,144969,0.4058833146532657,0.35337853
37177,2022-07-09,144969,0.40361967462845233,0.35313788
37178,2022-07-10,144969,0.4027279140682678,0.36024874
37179,2022-07-11,144969,0.4014634862508263,0.36283398
37180,2022-07-12,144969,0.3977964385553199,0.36256075
37181,2022-07-13,144969,0.3939820750484373,0.35366648
37182,2022-07-14,144969,0.3923763913947676,0.3603287
37183,2022-07-15,144969,0.3899929876177758,0.35184646
37184,2022-07-16,144969,0.38719218211161727,0.3551002
37185,2022-07-17,144969,0.3845900089658848,0.3549956
37186,2022-07-18,144969,0.3823491663130484,0.35414436
37187,2022-07-19,144969,0.38164562921061296,0.34904873
37188,2022-07-20,144969,0.38012180205840185,0.35041624
37189,2022-07-21,144969,0.37829563354047824,0.3584376
37190,2022-07-22,144969,0.38003701515500704,0.3595511
37191,2022-07-23,144969,0.38488099149841165,0.3563475
37192,2022-07-24,144969,0.38766974851947394,0.36031133
37193,2022-07-25,144969,0.3932502206778689,0.35545772
37194,2022-07-26,144969,0.39969488341692316,0.3549985
37195,2022-07-27,144969,0.40520929446268583,0.35824597
37196,2022-07-28,144969,0.41148697984481586,0.3581373
37197,2022-07-29,144969,0.41751281963058207,0.36304823
37198,2022-07-30,144969,0.42340110301809936,0.35306582
37199,2022-07-31,144969,0.42910654642784063,0.3564734
37200,2022-08-01,144969,0.43424749253656814,0.3683049
37201,2022-08-02,144969,0.43559008908548896,0.36696824
37202,2022-08-03,144969,0.43841836364720993,0.35431865
37203,2022-08-04,144969,0.44141335561921713,0.35899904
37204,2022-08-05,144969,0.44364028986733245,0.35484153
37205,2022-08-06,144969,0.44545229579032347,0.35764104
37206,2022-08-07,144969,0.446207932003812,0.36753908
37207,2022-08-08,144969,0.4459508161277334,0.3572672
37208,2022-08-09,144969,0.44532143086170917,0.3572443
37209,2022-08-10,144969,0.4442365758884006,0.36355448
37210,2022-08-11,144969,0.4448044689146293,0.35611036
37211,2022-08-12,144969,0.4478417620687861,0.35897708
37212,2022-08-13,144969,0.4494246501570635,0.35955358
37213,2022-08-14,144969,0.44920302342657487,0.3576385
37214,2022-08-15,144969,0.44887673621103685,0.35477158
37215,2022-08-16,144969,0.44848752047782314,0.3562266
37216,2022-08-17,144969,0.44941124082411354,0.36988986
37217,2022-08-18,144969,0.45073558677993886,0.3517465
37218,2022-08-19,144969,0.45070978736962486,0.35147166
37219,2022-08-20,144969,0.45134541178665044,0.35276112
37220,2022-08-21,144969,0.45233009911249783,0.35757536
37221,2022-08-22,144969,0.4525718143119386,0.35401022
37222,2022-08-23,144969,0.4526127648711493,0.36393178
37223,2022-08-24,144969,0.4516763532012472,0.362123
37224,2022-08-25,144969,0.45050811346787684,0.3569469
37225,2022-08-26,144969,0.45028967473889325,0.36064222
37226,2022-08-27,144969,0.4507816142672265,0.3639824
37227,2022-08-28,144969,0.4507911556494258,0.36056608
37228,2022-08-29,144969,0.4531115914998864,0.35396862
39154,2022-07-01,144971,0.6408266571331784,0.60550916
39155,2022-07-02,144971,0.6411293238134472,0.6094755
39156,2022-07-03,144971,0.64111174710353,0.60493046
39157,2022-07-04,144971,0.6405281030965068,0.6037048
39158,2022-07-05,144971,0.6408605432233333,0.61053085
39159,2022-07-06,144971,0.6418025770669064,0.6091095
39160,2022-07-07,144971,0.6430764443155431,0.60629344
39161,2022-07-08,144971,0.6449363494971483,0.6072888
39162,2022-07-09,144971,0.6458730355662753,0.6107134
39163,2022-07-10,144971,0.6458153576590551,0.615606
39164,2022-07-11,144971,0.6467650615186287,0.60839534
39165,2022-07-12,144971,0.6484710789336849,0.61444056
39166,2022-07-13,144971,0.6504119467905938,0.61536676
39167,2022-07-14,144971,0.6520012343815444,0.6103345
39168,2022-07-15,144971,0.6545733042253004,0.6143682
39169,2022-07-16,144971,0.6574356099028879,0.613296
39170,2022-07-17,144971,0.6612393320148009,0.60814536
39171,2022-07-18,144971,0.6660837148045393,0.6109925
39172,2022-07-19,144971,0.6712267021510006,0.60804236
39173,2022-07-20,144971,0.6766046145586383,0.61093163
39174,2022-07-21,144971,0.6806779508266936,0.6127498
39175,2022-07-22,144971,0.6844610975715669,0.6136248
39176,2022-07-23,144971,0.6885816747658805,0.60987866
39177,2022-07-24,144971,0.6948357500734045,0.6128277
39178,2022-07-25,144971,0.6997766401150554,0.6117638
39179,2022-07-26,144971,0.7045071019669608,0.60980326
39180,2022-07-27,144971,0.709879829192176,0.61042595
39181,2022-07-28,144971,0.7152395031736076,0.6104766
39182,2022-07-29,144971,0.7220300370562557,0.61139166
39183,2022-07-30,144971,0.7277030352200293,0.610705
39184,2022-07-31,144971,0.7335378044664549,0.61153525
39185,2022-08-01,144971,0.7390749305601763,0.6114416
39186,2022-08-02,144971,0.7433840239150415,0.61420196
39187,2022-08-03,144971,0.7478629440683704,0.617969
39188,2022-08-04,144971,0.7513766330337412,0.6147214
39189,2022-08-05,144971,0.7534809592273362,0.61448944
39190,2022-08-06,144971,0.7537746490017142,0.6119213
39191,2022-08-07,144971,0.7519699319419708,0.61208814
39192,2022-08-08,144971,0.7493332129555076,0.611372
39193,2022-08-09,144971,0.7471490900060327,0.61862296
39194,2022-08-10,144971,0.744360614690953,0.6099063
39195,2022-08-11,144971,0.7413940299625646,0.6125068
39196,2022-08-12,144971,0.7398765105815487,0.61042356
39197,2022-08-13,144971,0.7386517630504181,0.60860413
39198,2022-08-14,144971,0.738087335878279,0.6098216
39199,2022-08-15,144971,0.7382938494786013,0.61421686
39200,2022-08-16,144971,0.7386213105125723,0.6091733
39201,2022-08-17,144971,0.7406661404459152,0.6204143
39202,2022-08-18,144971,0.7419678794136104,0.6124503
39203,2022-08-19,144971,0.7433332325442754,0.6142169
39204,2022-08-20,144971,0.7452474265257361,0.6162387
39205,2022-08-21,144971,0.7467192402730779,0.6079186
39206,2022-08-22,144971,0.7482473145977137,0.60636103
39207,2022-08-23,144971,0.7466236666489895,0.60956126
39208,2022-08-24,144971,0.7449230486851981,0.61924416
39209,2022-08-25,144971,0.7435749899321102,0.614497
39210,2022-08-26,144971,0.7429764509399596,0.6118501
39211,2022-08-27,144971,0.7411896558700384,0.6071204
39212,2022-08-28,144971,0.7394107426804251,0.6041684
39213,2022-08-29,144971,0.7374024836558043,0.60700405
